sample_index,timestamp_sec,x,y,z,ppm,scenario,active_zones,active_sources_json,nearest_source_distance,active_zone,active_source_x,active_source_y,distance_to_source
0,0.00,0.000,0.000,1.500,7.484,multi_source,possible_gas_zone_1|possible_gas_zone_2|possible_gas_zone_3|possible_gas_zone_4,"[{""name"":""possible_gas_zone_1"",""x"":5.0,""y"":4.0},{""name"":""possible_gas_zone_2"",""x"":9.0,""y"":-4.0},{""name"":""possible_gas_zone_3"",""x"":13.0,""y"":3.0},{""name"":""possible_gas_zone_4"",""x"":7.0,""y"":0.0}]",6.403,possible_gas_zone_1,5.000,4.000,6.403
1,0.20,0.194,0.000,1.500,4.207,multi_source,possible_gas_zone_1|possible_gas_zone_2|possible_gas_zone_3|possible_gas_zone_4,"[{""name"":""possible_gas_zone_1"",""x"":5.0,""y"":4.0},{""name"":""possible_gas_zone_2"",""x"":9.0,""y"":-4.0},{""name"":""possible_gas_zone_3"",""x"":13.0,""y"":3.0},{""name"":""possible_gas_zone_4"",""x"":7.0,""y"":0.0}]",6.253,possible_gas_zone_1,5.000,4.000,6.253
2,0.40,0.388,0.000,1.500,5.163,multi_source,possible_gas_zone_1|possible_gas_zone_2|possible_gas_zone_3|possible_gas_zone_4,"[{""name"":""possible_gas_zone_1"",""x"":5.0,""y"":4.0},{""name"":""possible_gas_zone_2"",""x"":9.0,""y"":-4.0},{""name"":""possible_gas_zone_3"",""x"":13.0,""y"":3.0},{""name"":""possible_gas_zone_4"",""x"":7.0,""y"":0.0}]",6.105,possible_gas_zone_1,5.000,4.000,6.105
3,0.60,0.582,0.000,1.500,6.479,multi_source,possible_gas_zone_1|possible_gas_zone_2|possible_gas_zone_3|possible_gas_zone_4,"[{""name"":""possible_gas_zone_1"",""x"":5.0,""y"":4.0},{""name"":""possible_gas_zone_2"",""x"":9.0,""y"":-4.0},{""name"":""possible_gas_zone_3"",""x"":13.0,""y"":3.0},{""name"":""possible_gas_zone_4"",""x"":7.0,""y"":0.0}]",5.960,possible_gas_zone_1,5.000,4.000,5.960
4,0.80,0.776,0.000,1.500,7.016,multi_source,possible_gas_zone_1|possible_gas_zone_2|possible_gas_zone_3|possible_gas_zone_4,"[{""name"":""possible_gas_zone_1"",""x"":5.0,""y"":4.0},{""name"":""possible_gas_zone_2"",""x"":9.0,""y"":-4.0},{""name"":""possible_gas_zone_3"",""x"":13.0,""y"":3.0},{""name"":""possible_gas_zone_4"",""x"":7.0,""y"":0.0}]",5.818,possible_gas_zone_1,5.000,4.000,5.818
5,1.00,0.970,0.000,1.500,6.648,multi_source,possible_gas_zone_1|possible_gas_zone_2|possible_gas_zone_3|possible_gas_zone_4,"[{""name"":""possible_gas_zone_1"",""x"":5.0,""y"":4.0},{""name"":""possible_gas_zone_2"",""x"":9.0,""y"":-4.0},{""name"":""possible_gas_zone_3"",""x"":13.0,""y"":3.0},{""name"":""possible_gas_zone_4"",""x"":7.0,""y"":0.0}]",5.678,possible_gas_zone_1,5.000,4.000,5.678
6,1.20,1.164,0.000,1.500,7.739,multi_source,possible_gas_zone_1|possible_gas_zone_2|possible_gas_zone_3|possible_gas_zone_4,"[{""name"":""possible_gas_zone_1"",""x"":5.0,""y"":4.0},{""name"":""possible_gas_zone_2"",""x"":9.0,""y"":-4.0},{""name"":""possible_gas_zone_3"",""x"":13.0,""y"":3.0},{""name"":""possible_gas_zone_4"",""x"":7.0,""y"":0.0}]",5.542,possible_gas_zone_1,5.000,4.000,5.542
7,1.40,1.358,0.000,1.500,7.932,multi_source,possible_gas_zone_1|possible_gas_zone_2|possible_gas_zone_3|possible_gas_zone_4,"[{""name"":""possible_gas_zone_1"",""x"":5.0,""y"":4.0},{""name"":""possible_gas_zone_2"",""x"":9.0,""y"":-4.0},{""name"":""possible_gas_zone_3"",""x"":13.0,""y"":3.0},{""name"":""possible_gas_zone_4"",""x"":7.0,""y"":0.0}]",5.410,possible_gas_zone_1,5.000,4.000,5.410
8,1.60,1.551,0.000,1.500,7.317,multi_source,possible_gas_zone_1|possible_gas_zone_2|possible_gas_zone_3|possible_gas_zone_4,"[{""name"":""possible_gas_zone_1"",""x"":5.0,""y"":4.0},{""name"":""possible_gas_zone_2"",""x"":9.0,""y"":-4.0},{""name"":""possible_gas_zone_3"",""x"":13.0,""y"":3.0},{""name"":""possible_gas_zone_4"",""x"":7.0,""y"":0.0}]",5.281,possible_gas_zone_1,5.000,4.000,5.281
9,1.80,1.745,0.000,1.500,7.719,multi_source,possible_gas_zone_1|possible_gas_zone_2|possible_gas_zone_3|possible_gas_zone_4,"[{""name"":""possible_gas_zone_1"",""x"":5.0,""y"":4.0},{""name"":""possible_gas_zone_2"",""x"":9.0,""y"":-4.0},{""name"":""possible_gas_zone_3"",""x"":13.0,""y"":3.0},{""name"":""possible_gas_zone_4"",""x"":7.0,""y"":0.0}]",5.157,possible_gas_zone_1,5.000,4.000,5.157
10,2.00,1.939,0.000,1.500,9.400,multi_source,possible_gas_zone_1|possible_gas_zone_2|possible_gas_zone_3|possible_gas_zone_4,"[{""name"":""possible_gas_zone_1"",""x"":5.0,""y"":4.0},{""name"":""possible_gas_zone_2"",""x"":9.0,""y"":-4.0},{""name"":""possible_gas_zone_3"",""x"":13.0,""y"":3.0},{""name"":""possible_gas_zone_4"",""x"":7.0,""y"":0.0}]",5.037,possible_gas_zone_1,5.000,4.000,5.037
11,2.20,2.080,0.107,1.500,10.926,multi_source,possible_gas_zone_1|possible_gas_zone_2|possible_gas_zone_3|possible_gas_zone_4,"[{""name"":""possible_gas_zone_1"",""x"":5.0,""y"":4.0},{""name"":""possible_gas_zone_2"",""x"":9.0,""y"":-4.0},{""name"":""possible_gas_zone_3"",""x"":13.0,""y"":3.0},{""name"":""possible_gas_zone_4"",""x"":7.0,""y"":0.0}]",4.867,possible_gas_zone_1,5.000,4.000,4.867
12,2.40,2.196,0.262,1.500,13.958,multi_source,possible_gas_zone_1|possible_gas_zone_2|possible_gas_zone_3|possible_gas_zone_4,"[{""name"":""possible_gas_zone_1"",""x"":5.0,""y"":4.0},{""name"":""possible_gas_zone_2"",""x"":9.0,""y"":-4.0},{""name"":""possible_gas_zone_3"",""x"":13.0,""y"":3.0},{""name"":""possible_gas_zone_4"",""x"":7.0,""y"":0.0}]",4.673,possible_gas_zone_1,5.000,4.000,4.673
13,2.60,2.313,0.417,1.500,14.675,multi_source,possible_gas_zone_1|possible_gas_zone_2|possible_gas_zone_3|possible_gas_zone_4,"[{""name"":""possible_gas_zone_1"",""x"":5.0,""y"":4.0},{""name"":""possible_gas_zone_2"",""x"":9.0,""y"":-4.0},{""name"":""possible_gas_zone_3"",""x"":13.0,""y"":3.0},{""name"":""possible_gas_zone_4"",""x"":7.0,""y"":0.0}]",4.479,possible_gas_zone_1,5.000,4.000,4.479
14,2.80,2.429,0.572,1.500,15.121,multi_source,possible_gas_zone_1|possible_gas_zone_2|possible_gas_zone_3|possible_gas_zone_4,"[{""name"":""possible_gas_zone_1"",""x"":5.0,""y"":4.0},{""name"":""possible_gas_zone_2"",""x"":9.0,""y"":-4.0},{""name"":""possible_gas_zone_3"",""x"":13.0,""y"":3.0},{""name"":""possible_gas_zone_4"",""x"":7.0,""y"":0.0}]",4.285,possible_gas_zone_1,5.000,4.000,4.285
15,3.00,2.545,0.727,1.500,19.442,multi_source,possible_gas_zone_1|possible_gas_zone_2|possible_gas_zone_3|possible_gas_zone_4,"[{""name"":""possible_gas_zone_1"",""x"":5.0,""y"":4.0},{""name"":""possible_gas_zone_2"",""x"":9.0,""y"":-4.0},{""name"":""possible_gas_zone_3"",""x"":13.0,""y"":3.0},{""name"":""possible_gas_zone_4"",""x"":7.0,""y"":0.0}]",4.091,possible_gas_zone_1,5.000,4.000,4.091
16,3.20,2.662,0.882,1.500,22.219,multi_source,possible_gas_zone_1|possible_gas_zone_2|possible_gas_zone_3|possible_gas_zone_4,"[{""name"":""possible_gas_zone_1"",""x"":5.0,""y"":4.0},{""name"":""possible_gas_zone_2"",""x"":9.0,""y"":-4.0},{""name"":""possible_gas_zone_3"",""x"":13.0,""y"":3.0},{""name"":""possible_gas_zone_4"",""x"":7.0,""y"":0.0}]",3.897,possible_gas_zone_1,5.000,4.000,3.897
17,3.40,2.778,1.038,1.500,26.428,multi_source,possible_gas_zone_1|possible_gas_zone_2|possible_gas_zone_3|possible_gas_zone_4,"[{""name"":""possible_gas_zone_1"",""x"":5.0,""y"":4.0},{""name"":""possible_gas_zone_2"",""x"":9.0,""y"":-4.0},{""name"":""possible_gas_zone_3"",""x"":13.0,""y"":3.0},{""name"":""possible_gas_zone_4"",""x"":7.0,""y"":0.0}]",3.703,possible_gas_zone_1,5.000,4.000,3.703
18,3.60,2.895,1.193,1.500,28.603,multi_source,possible_gas_zone_1|possible_gas_zone_2|possible_gas_zone_3|possible_gas_zone_4,"[{""name"":""possible_gas_zone_1"",""x"":5.0,""y"":4.0},{""name"":""possible_gas_zone_2"",""x"":9.0,""y"":-4.0},{""name"":""possible_gas_zone_3"",""x"":13.0,""y"":3.0},{""name"":""possible_gas_zone_4"",""x"":7.0,""y"":0.0}]",3.509,possible_gas_zone_1,5.000,4.000,3.509
19,3.80,3.011,1.348,1.500,35.386,multi_source,possible_gas_zone_1|possible_gas_zone_2|possible_gas_zone_3|possible_gas_zone_4,"[{""name"":""possible_gas_zone_1"",""x"":5.0,""y"":4.0},{""name"":""possible_gas_zone_2"",""x"":9.0,""y"":-4.0},{""name"":""possible_gas_zone_3"",""x"":13.0,""y"":3.0},{""name"":""possible_gas_zone_4"",""x"":7.0,""y"":0.0}]",3.315,possible_gas_zone_1,5.000,4.000,3.315
20,4.00,3.127,1.503,1.500,37.924,multi_source,possible_gas_zone_1|possible_gas_zone_2|possible_gas_zone_3|possible_gas_zone_4,"[{""name"":""possible_gas_zone_1"",""x"":5.0,""y"":4.0},{""name"":""possible_gas_zone_2"",""x"":9.0,""y"":-4.0},{""name"":""possible_gas_zone_3"",""x"":13.0,""y"":3.0},{""name"":""possible_gas_zone_4"",""x"":7.0,""y"":0.0}]",3.121,possible_gas_zone_1,5.000,4.000,3.121
21,4.20,3.244,1.658,1.500,46.111,multi_source,possible_gas_zone_1|possible_gas_zone_2|possible_gas_zone_3|possible_gas_zone_4,"[{""name"":""possible_gas_zone_1"",""x"":5.0,""y"":4.0},{""name"":""possible_gas_zone_2"",""x"":9.0,""y"":-4.0},{""name"":""possible_gas_zone_3"",""x"":13.0,""y"":3.0},{""name"":""possible_gas_zone_4"",""x"":7.0,""y"":0.0}]",2.927,possible_gas_zone_1,5.000,4.000,2.927
22,4.40,3.360,1.813,1.500,53.807,multi_source,possible_gas_zone_1|possible_gas_zone_2|possible_gas_zone_3|possible_gas_zone_4,"[{""name"":""possible_gas_zone_1"",""x"":5.0,""y"":4.0},{""name"":""possible_gas_zone_2"",""x"":9.0,""y"":-4.0},{""name"":""possible_gas_zone_3"",""x"":13.0,""y"":3.0},{""name"":""possible_gas_zone_4"",""x"":7.0,""y"":0.0}]",2.733,possible_gas_zone_1,5.000,4.000,2.733
23,4.60,3.476,1.968,1.500,56.294,multi_source,possible_gas_zone_1|possible_gas_zone_2|possible_gas_zone_3|possible_gas_zone_4,"[{""name"":""possible_gas_zone_1"",""x"":5.0,""y"":4.0},{""name"":""possible_gas_zone_2"",""x"":9.0,""y"":-4.0},{""name"":""possible_gas_zone_3"",""x"":13.0,""y"":3.0},{""name"":""possible_gas_zone_4"",""x"":7.0,""y"":0.0}]",2.539,possible_gas_zone_1,5.000,4.000,2.539
24,4.80,3.593,2.124,1.500,64.429,multi_source,possible_gas_zone_1|possible_gas_zone_2|possible_gas_zone_3|possible_gas_zone_4,"[{""name"":""possible_gas_zone_1"",""x"":5.0,""y"":4.0},{""name"":""possible_gas_zone_2"",""x"":9.0,""y"":-4.0},{""name"":""possible_gas_zone_3"",""x"":13.0,""y"":3.0},{""name"":""possible_gas_zone_4"",""x"":7.0,""y"":0.0}]",2.346,possible_gas_zone_1,5.000,4.000,2.346
25,5.00,3.709,2.279,1.500,72.666,multi_source,possible_gas_zone_1|possible_gas_zone_2|possible_gas_zone_3|possible_gas_zone_4,"[{""name"":""possible_gas_zone_1"",""x"":5.0,""y"":4.0},{""name"":""possible_gas_zone_2"",""x"":9.0,""y"":-4.0},{""name"":""possible_gas_zone_3"",""x"":13.0,""y"":3.0},{""name"":""possible_gas_zone_4"",""x"":7.0,""y"":0.0}]",2.152,possible_gas_zone_1,5.000,4.000,2.152
26,5.20,3.825,2.434,1.500,81.568,multi_source,possible_gas_zone_1|possible_gas_zone_2|possible_gas_zone_3|possible_gas_zone_4,"[{""name"":""possible_gas_zone_1"",""x"":5.0,""y"":4.0},{""name"":""possible_gas_zone_2"",""x"":9.0,""y"":-4.0},{""name"":""possible_gas_zone_3"",""x"":13.0,""y"":3.0},{""name"":""possible_gas_zone_4"",""x"":7.0,""y"":0.0}]",1.958,possible_gas_zone_1,5.000,4.000,1.958
27,5.40,3.942,2.589,1.500,86.456,multi_source,possible_gas_zone_1|possible_gas_zone_2|possible_gas_zone_3|possible_gas_zone_4,"[{""name"":""possible_gas_zone_1"",""x"":5.0,""y"":4.0},{""name"":""possible_gas_zone_2"",""x"":9.0,""y"":-4.0},{""name"":""possible_gas_zone_3"",""x"":13.0,""y"":3.0},{""name"":""possible_gas_zone_4"",""x"":7.0,""y"":0.0}]",1.764,possible_gas_zone_1,5.000,4.000,1.764
28,5.60,4.058,2.744,1.500,98.420,multi_source,possible_gas_zone_1|possible_gas_zone_2|possible_gas_zone_3|possible_gas_zone_4,"[{""name"":""possible_gas_zone_1"",""x"":5.0,""y"":4.0},{""name"":""possible_gas_zone_2"",""x"":9.0,""y"":-4.0},{""name"":""possible_gas_zone_3"",""x"":13.0,""y"":3.0},{""name"":""possible_gas_zone_4"",""x"":7.0,""y"":0.0}]",1.570,possible_gas_zone_1,5.000,4.000,1.570
29,5.80,4.174,2.899,1.500,105.783,multi_source,possible_gas_zone_1|possible_gas_zone_2|possible_gas_zone_3|possible_gas_zone_4,"[{""name"":""possible_gas_zone_1"",""x"":5.0,""y"":4.0},{""name"":""possible_gas_zone_2"",""x"":9.0,""y"":-4.0},{""name"":""possible_gas_zone_3"",""x"":13.0,""y"":3.0},{""name"":""possible_gas_zone_4"",""x"":7.0,""y"":0.0}]",1.376,possible_gas_zone_1,5.000,4.000,1.376
30,6.00,4.291,3.054,1.500,111.428,multi_source,possible_gas_zone_1|possible_gas_zone_2|possible_gas_zone_3|possible_gas_zone_4,"[{""name"":""possible_gas_zone_1"",""x"":5.0,""y"":4.0},{""name"":""possible_gas_zone_2"",""x"":9.0,""y"":-4.0},{""name"":""possible_gas_zone_3"",""x"":13.0,""y"":3.0},{""name"":""possible_gas_zone_4"",""x"":7.0,""y"":0.0}]",1.182,possible_gas_zone_1,5.000,4.000,1.182
31,6.20,4.407,3.210,1.500,116.924,multi_source,possible_gas_zone_1|possible_gas_zone_2|possible_gas_zone_3|possible_gas_zone_4,"[{""name"":""possible_gas_zone_1"",""x"":5.0,""y"":4.0},{""name"":""possible_gas_zone_2"",""x"":9.0,""y"":-4.0},{""name"":""possible_gas_zone_3"",""x"":13.0,""y"":3.0},{""name"":""possible_gas_zone_4"",""x"":7.0,""y"":0.0}]",0.988,possible_gas_zone_1,5.000,4.000,0.988
32,6.40,4.524,3.365,1.500,119.668,multi_source,possible_gas_zone_1|possible_gas_zone_2|possible_gas_zone_3|possible_gas_zone_4,"[{""name"":""possible_gas_zone_1"",""x"":5.0,""y"":4.0},{""name"":""possible_gas_zone_2"",""x"":9.0,""y"":-4.0},{""name"":""possible_gas_zone_3"",""x"":13.0,""y"":3.0},{""name"":""possible_gas_zone_4"",""x"":7.0,""y"":0.0}]",0.794,possible_gas_zone_1,5.000,4.000,0.794
33,6.60,4.640,3.520,1.500,125.416,multi_source,possible_gas_zone_1|possible_gas_zone_2|possible_gas_zone_3|possible_gas_zone_4,"[{""name"":""possible_gas_zone_1"",""x"":5.0,""y"":4.0},{""name"":""possible_gas_zone_2"",""x"":9.0,""y"":-4.0},{""name"":""possible_gas_zone_3"",""x"":13.0,""y"":3.0},{""name"":""possible_gas_zone_4"",""x"":7.0,""y"":0.0}]",0.600,possible_gas_zone_1,5.000,4.000,0.600
34,6.80,4.756,3.675,1.500,127.881,multi_source,possible_gas_zone_1|possible_gas_zone_2|possible_gas_zone_3|possible_gas_zone_4,"[{""name"":""possible_gas_zone_1"",""x"":5.0,""y"":4.0},{""name"":""possible_gas_zone_2"",""x"":9.0,""y"":-4.0},{""name"":""possible_gas_zone_3"",""x"":13.0,""y"":3.0},{""name"":""possible_gas_zone_4"",""x"":7.0,""y"":0.0}]",0.406,possible_gas_zone_1,5.000,4.000,0.406
35,7.00,4.873,3.830,1.500,131.248,multi_source,possible_gas_zone_1|possible_gas_zone_2|possible_gas_zone_3|possible_gas_zone_4,"[{""name"":""possible_gas_zone_1"",""x"":5.0,""y"":4.0},{""name"":""possible_gas_zone_2"",""x"":9.0,""y"":-4.0},{""name"":""possible_gas_zone_3"",""x"":13.0,""y"":3.0},{""name"":""possible_gas_zone_4"",""x"":7.0,""y"":0.0}]",0.212,possible_gas_zone_1,5.000,4.000,0.212
36,7.20,4.989,3.985,1.500,129.786,multi_source,possible_gas_zone_1|possible_gas_zone_2|possible_gas_zone_3|possible_gas_zone_4,"[{""name"":""possible_gas_zone_1"",""x"":5.0,""y"":4.0},{""name"":""possible_gas_zone_2"",""x"":9.0,""y"":-4.0},{""name"":""possible_gas_zone_3"",""x"":13.0,""y"":3.0},{""name"":""possible_gas_zone_4"",""x"":7.0,""y"":0.0}]",0.018,possible_gas_zone_1,5.000,4.000,0.018
37,7.40,5.000,3.824,1.500,130.766,multi_source,possible_gas_zone_1|possible_gas_zone_2|possible_gas_zone_3|possible_gas_zone_4,"[{""name"":""possible_gas_zone_1"",""x"":5.0,""y"":4.0},{""name"":""possible_gas_zone_2"",""x"":9.0,""y"":-4.0},{""name"":""possible_gas_zone_3"",""x"":13.0,""y"":3.0},{""name"":""possible_gas_zone_4"",""x"":7.0,""y"":0.0}]",0.176,possible_gas_zone_1,5.000,4.000,0.176
38,7.60,5.000,3.630,1.500,130.858,multi_source,possible_gas_zone_1|possible_gas_zone_2|possible_gas_zone_3|possible_gas_zone_4,"[{""name"":""possible_gas_zone_1"",""x"":5.0,""y"":4.0},{""name"":""possible_gas_zone_2"",""x"":9.0,""y"":-4.0},{""name"":""possible_gas_zone_3"",""x"":13.0,""y"":3.0},{""name"":""possible_gas_zone_4"",""x"":7.0,""y"":0.0}]",0.370,possible_gas_zone_1,5.000,4.000,0.370
39,7.80,5.000,3.436,1.500,129.053,multi_source,possible_gas_zone_1|possible_gas_zone_2|possible_gas_zone_3|possible_gas_zone_4,"[{""name"":""possible_gas_zone_1"",""x"":5.0,""y"":4.0},{""name"":""possible_gas_zone_2"",""x"":9.0,""y"":-4.0},{""name"":""possible_gas_zone_3"",""x"":13.0,""y"":3.0},{""name"":""possible_gas_zone_4"",""x"":7.0,""y"":0.0}]",0.564,possible_gas_zone_1,5.000,4.000,0.564
40,8.00,5.000,3.243,1.500,126.855,multi_source,possible_gas_zone_1|possible_gas_zone_2|possible_gas_zone_3|possible_gas_zone_4,"[{""name"":""possible_gas_zone_1"",""x"":5.0,""y"":4.0},{""name"":""possible_gas_zone_2"",""x"":9.0,""y"":-4.0},{""name"":""possible_gas_zone_3"",""x"":13.0,""y"":3.0},{""name"":""possible_gas_zone_4"",""x"":7.0,""y"":0.0}]",0.757,possible_gas_zone_1,5.000,4.000,0.757
41,8.20,5.000,3.049,1.500,124.734,multi_source,possible_gas_zone_1|possible_gas_zone_2|possible_gas_zone_3|possible_gas_zone_4,"[{""name"":""possible_gas_zone_1"",""x"":5.0,""y"":4.0},{""name"":""possible_gas_zone_2"",""x"":9.0,""y"":-4.0},{""name"":""possible_gas_zone_3"",""x"":13.0,""y"":3.0},{""name"":""possible_gas_zone_4"",""x"":7.0,""y"":0.0}]",0.951,possible_gas_zone_1,5.000,4.000,0.951
42,8.40,5.000,2.855,1.500,122.651,multi_source,possible_gas_zone_1|possible_gas_zone_2|possible_gas_zone_3|possible_gas_zone_4,"[{""name"":""possible_gas_zone_1"",""x"":5.0,""y"":4.0},{""name"":""possible_gas_zone_2"",""x"":9.0,""y"":-4.0},{""name"":""possible_gas_zone_3"",""x"":13.0,""y"":3.0},{""name"":""possible_gas_zone_4"",""x"":7.0,""y"":0.0}]",1.145,possible_gas_zone_1,5.000,4.000,1.145
43,8.60,5.000,2.661,1.500,117.440,multi_source,possible_gas_zone_1|possible_gas_zone_2|possible_gas_zone_3|possible_gas_zone_4,"[{""name"":""possible_gas_zone_1"",""x"":5.0,""y"":4.0},{""name"":""possible_gas_zone_2"",""x"":9.0,""y"":-4.0},{""name"":""possible_gas_zone_3"",""x"":13.0,""y"":3.0},{""name"":""possible_gas_zone_4"",""x"":7.0,""y"":0.0}]",1.339,possible_gas_zone_1,5.000,4.000,1.339
44,8.80,5.000,2.467,1.500,114.228,multi_source,possible_gas_zone_1|possible_gas_zone_2|possible_gas_zone_3|possible_gas_zone_4,"[{""name"":""possible_gas_zone_1"",""x"":5.0,""y"":4.0},{""name"":""possible_gas_zone_2"",""x"":9.0,""y"":-4.0},{""name"":""possible_gas_zone_3"",""x"":13.0,""y"":3.0},{""name"":""possible_gas_zone_4"",""x"":7.0,""y"":0.0}]",1.533,possible_gas_zone_1,5.000,4.000,1.533
45,9.00,5.000,2.273,1.500,108.532,multi_source,possible_gas_zone_1|possible_gas_zone_2|possible_gas_zone_3|possible_gas_zone_4,"[{""name"":""possible_gas_zone_1"",""x"":5.0,""y"":4.0},{""name"":""possible_gas_zone_2"",""x"":9.0,""y"":-4.0},{""name"":""possible_gas_zone_3"",""x"":13.0,""y"":3.0},{""name"":""possible_gas_zone_4"",""x"":7.0,""y"":0.0}]",1.727,possible_gas_zone_1,5.000,4.000,1.727
46,9.20,5.000,2.079,1.500,107.512,multi_source,possible_gas_zone_1|possible_gas_zone_2|possible_gas_zone_3|possible_gas_zone_4,"[{""name"":""possible_gas_zone_1"",""x"":5.0,""y"":4.0},{""name"":""possible_gas_zone_2"",""x"":9.0,""y"":-4.0},{""name"":""possible_gas_zone_3"",""x"":13.0,""y"":3.0},{""name"":""possible_gas_zone_4"",""x"":7.0,""y"":0.0}]",1.921,possible_gas_zone_1,5.000,4.000,1.921
47,9.40,5.000,1.885,1.500,101.543,multi_source,possible_gas_zone_1|possible_gas_zone_2|possible_gas_zone_3|possible_gas_zone_4,"[{""name"":""possible_gas_zone_1"",""x"":5.0,""y"":4.0},{""name"":""possible_gas_zone_2"",""x"":9.0,""y"":-4.0},{""name"":""possible_gas_zone_3"",""x"":13.0,""y"":3.0},{""name"":""possible_gas_zone_4"",""x"":7.0,""y"":0.0}]",2.115,possible_gas_zone_1,5.000,4.000,2.115
48,9.60,5.000,1.691,1.500,99.295,multi_source,possible_gas_zone_1|possible_gas_zone_2|possible_gas_zone_3|possible_gas_zone_4,"[{""name"":""possible_gas_zone_1"",""x"":5.0,""y"":4.0},{""name"":""possible_gas_zone_2"",""x"":9.0,""y"":-4.0},{""name"":""possible_gas_zone_3"",""x"":13.0,""y"":3.0},{""name"":""possible_gas_zone_4"",""x"":7.0,""y"":0.0}]",2.309,possible_gas_zone_1,5.000,4.000,2.309
49,9.80,5.000,1.497,1.500,96.635,multi_source,possible_gas_zone_1|possible_gas_zone_2|possible_gas_zone_3|possible_gas_zone_4,"[{""name"":""possible_gas_zone_1"",""x"":5.0,""y"":4.0},{""name"":""possible_gas_zone_2"",""x"":9.0,""y"":-4.0},{""name"":""possible_gas_zone_3"",""x"":13.0,""y"":3.0},{""name"":""possible_gas_zone_4"",""x"":7.0,""y"":0.0}]",2.498,possible_gas_zone_1,5.000,4.000,2.498
50,10.00,5.000,1.303,1.500,95.248,multi_source,possible_gas_zone_1|possible_gas_zone_2|possible_gas_zone_3|possible_gas_zone_4,"[{""name"":""possible_gas_zone_1"",""x"":5.0,""y"":4.0},{""name"":""possible_gas_zone_2"",""x"":9.0,""y"":-4.0},{""name"":""possible_gas_zone_3"",""x"":13.0,""y"":3.0},{""name"":""possible_gas_zone_4"",""x"":7.0,""y"":0.0}]",2.387,possible_gas_zone_1,5.000,4.000,2.387
51,10.20,5.000,1.109,1.500,90.775,multi_source,possible_gas_zone_1|possible_gas_zone_2|possible_gas_zone_3|possible_gas_zone_4,"[{""name"":""possible_gas_zone_1"",""x"":5.0,""y"":4.0},{""name"":""possible_gas_zone_2"",""x"":9.0,""y"":-4.0},{""name"":""possible_gas_zone_3"",""x"":13.0,""y"":3.0},{""name"":""possible_gas_zone_4"",""x"":7.0,""y"":0.0}]",2.287,possible_gas_zone_1,5.000,4.000,2.287
52,10.40,5.000,0.915,1.500,91.129,multi_source,possible_gas_zone_1|possible_gas_zone_2|possible_gas_zone_3|possible_gas_zone_4,"[{""name"":""possible_gas_zone_1"",""x"":5.0,""y"":4.0},{""name"":""possible_gas_zone_2"",""x"":9.0,""y"":-4.0},{""name"":""possible_gas_zone_3"",""x"":13.0,""y"":3.0},{""name"":""possible_gas_zone_4"",""x"":7.0,""y"":0.0}]",2.199,possible_gas_zone_1,5.000,4.000,2.199
53,10.60,5.000,0.721,1.500,87.503,multi_source,possible_gas_zone_1|possible_gas_zone_2|possible_gas_zone_3|possible_gas_zone_4,"[{""name"":""possible_gas_zone_1"",""x"":5.0,""y"":4.0},{""name"":""possible_gas_zone_2"",""x"":9.0,""y"":-4.0},{""name"":""possible_gas_zone_3"",""x"":13.0,""y"":3.0},{""name"":""possible_gas_zone_4"",""x"":7.0,""y"":0.0}]",2.126,possible_gas_zone_1,5.000,4.000,2.126
54,10.80,5.000,0.527,1.500,86.031,multi_source,possible_gas_zone_1|possible_gas_zone_2|possible_gas_zone_3|possible_gas_zone_4,"[{""name"":""possible_gas_zone_1"",""x"":5.0,""y"":4.0},{""name"":""possible_gas_zone_2"",""x"":9.0,""y"":-4.0},{""name"":""possible_gas_zone_3"",""x"":13.0,""y"":3.0},{""name"":""possible_gas_zone_4"",""x"":7.0,""y"":0.0}]",2.068,possible_gas_zone_1,5.000,4.000,2.068
55,11.00,5.000,0.333,1.500,81.899,multi_source,possible_gas_zone_1|possible_gas_zone_2|possible_gas_zone_3|possible_gas_zone_4,"[{""name"":""possible_gas_zone_1"",""x"":5.0,""y"":4.0},{""name"":""possible_gas_zone_2"",""x"":9.0,""y"":-4.0},{""name"":""possible_gas_zone_3"",""x"":13.0,""y"":3.0},{""name"":""possible_gas_zone_4"",""x"":7.0,""y"":0.0}]",2.028,possible_gas_zone_1,5.000,4.000,2.028
56,11.20,5.000,0.140,1.500,80.529,multi_source,possible_gas_zone_1|possible_gas_zone_2|possible_gas_zone_3|possible_gas_zone_4,"[{""name"":""possible_gas_zone_1"",""x"":5.0,""y"":4.0},{""name"":""possible_gas_zone_2"",""x"":9.0,""y"":-4.0},{""name"":""possible_gas_zone_3"",""x"":13.0,""y"":3.0},{""name"":""possible_gas_zone_4"",""x"":7.0,""y"":0.0}]",2.005,possible_gas_zone_1,5.000,4.000,2.005
57,11.40,5.054,0.000,1.500,83.123,multi_source,possible_gas_zone_1|possible_gas_zone_2|possible_gas_zone_3|possible_gas_zone_4,"[{""name"":""possible_gas_zone_1"",""x"":5.0,""y"":4.0},{""name"":""possible_gas_zone_2"",""x"":9.0,""y"":-4.0},{""name"":""possible_gas_zone_3"",""x"":13.0,""y"":3.0},{""name"":""possible_gas_zone_4"",""x"":7.0,""y"":0.0}]",1.946,possible_gas_zone_1,5.000,4.000,1.946
58,11.60,5.248,0.000,1.500,93.472,multi_source,possible_gas_zone_1|possible_gas_zone_2|possible_gas_zone_3|possible_gas_zone_4,"[{""name"":""possible_gas_zone_1"",""x"":5.0,""y"":4.0},{""name"":""possible_gas_zone_2"",""x"":9.0,""y"":-4.0},{""name"":""possible_gas_zone_3"",""x"":13.0,""y"":3.0},{""name"":""possible_gas_zone_4"",""x"":7.0,""y"":0.0}]",1.752,possible_gas_zone_1,5.000,4.000,1.752
59,11.80,5.442,0.000,1.500,97.557,multi_source,possible_gas_zone_1|possible_gas_zone_2|possible_gas_zone_3|possible_gas_zone_4,"[{""name"":""possible_gas_zone_1"",""x"":5.0,""y"":4.0},{""name"":""possible_gas_zone_2"",""x"":9.0,""y"":-4.0},{""name"":""possible_gas_zone_3"",""x"":13.0,""y"":3.0},{""name"":""possible_gas_zone_4"",""x"":7.0,""y"":0.0}]",1.558,possible_gas_zone_1,5.000,4.000,1.558
60,12.00,5.636,0.000,1.500,107.866,multi_source,possible_gas_zone_1|possible_gas_zone_2|possible_gas_zone_3|possible_gas_zone_4,"[{""name"":""possible_gas_zone_1"",""x"":5.0,""y"":4.0},{""name"":""possible_gas_zone_2"",""x"":9.0,""y"":-4.0},{""name"":""possible_gas_zone_3"",""x"":13.0,""y"":3.0},{""name"":""possible_gas_zone_4"",""x"":7.0,""y"":0.0}]",1.364,possible_gas_zone_1,5.000,4.000,1.364
61,12.20,5.830,0.000,1.500,111.086,multi_source,possible_gas_zone_1|possible_gas_zone_2|possible_gas_zone_3|possible_gas_zone_4,"[{""name"":""possible_gas_zone_1"",""x"":5.0,""y"":4.0},{""name"":""possible_gas_zone_2"",""x"":9.0,""y"":-4.0},{""name"":""possible_gas_zone_3"",""x"":13.0,""y"":3.0},{""name"":""possible_gas_zone_4"",""x"":7.0,""y"":0.0}]",1.170,possible_gas_zone_1,5.000,4.000,1.170
62,12.40,6.024,0.000,1.500,120.985,multi_source,possible_gas_zone_1|possible_gas_zone_2|possible_gas_zone_3|possible_gas_zone_4,"[{""name"":""possible_gas_zone_1"",""x"":5.0,""y"":4.0},{""name"":""possible_gas_zone_2"",""x"":9.0,""y"":-4.0},{""name"":""possible_gas_zone_3"",""x"":13.0,""y"":3.0},{""name"":""possible_gas_zone_4"",""x"":7.0,""y"":0.0}]",0.976,possible_gas_zone_1,5.000,4.000,0.976
63,12.60,6.218,0.000,1.500,126.040,multi_source,possible_gas_zone_1|possible_gas_zone_2|possible_gas_zone_3|possible_gas_zone_4,"[{""name"":""possible_gas_zone_1"",""x"":5.0,""y"":4.0},{""name"":""possible_gas_zone_2"",""x"":9.0,""y"":-4.0},{""name"":""possible_gas_zone_3"",""x"":13.0,""y"":3.0},{""name"":""possible_gas_zone_4"",""x"":7.0,""y"":0.0}]",0.782,possible_gas_zone_1,5.000,4.000,0.782
64,12.80,6.412,0.000,1.500,128.563,multi_source,possible_gas_zone_1|possible_gas_zone_2|possible_gas_zone_3|possible_gas_zone_4,"[{""name"":""possible_gas_zone_1"",""x"":5.0,""y"":4.0},{""name"":""possible_gas_zone_2"",""x"":9.0,""y"":-4.0},{""name"":""possible_gas_zone_3"",""x"":13.0,""y"":3.0},{""name"":""possible_gas_zone_4"",""x"":7.0,""y"":0.0}]",0.588,possible_gas_zone_1,5.000,4.000,0.588
65,13.00,6.606,0.000,1.500,133.649,multi_source,possible_gas_zone_1|possible_gas_zone_2|possible_gas_zone_3|possible_gas_zone_4,"[{""name"":""possible_gas_zone_1"",""x"":5.0,""y"":4.0},{""name"":""possible_gas_zone_2"",""x"":9.0,""y"":-4.0},{""name"":""possible_gas_zone_3"",""x"":13.0,""y"":3.0},{""name"":""possible_gas_zone_4"",""x"":7.0,""y"":0.0}]",0.394,possible_gas_zone_1,5.000,4.000,0.394
66,13.20,6.800,0.000,1.500,134.446,multi_source,possible_gas_zone_1|possible_gas_zone_2|possible_gas_zone_3|possible_gas_zone_4,"[{""name"":""possible_gas_zone_1"",""x"":5.0,""y"":4.0},{""name"":""possible_gas_zone_2"",""x"":9.0,""y"":-4.0},{""name"":""possible_gas_zone_3"",""x"":13.0,""y"":3.0},{""name"":""possible_gas_zone_4"",""x"":7.0,""y"":0.0}]",0.200,possible_gas_zone_1,5.000,4.000,0.200
67,13.40,6.994,0.000,1.500,135.051,multi_source,possible_gas_zone_1|possible_gas_zone_2|possible_gas_zone_3|possible_gas_zone_4,"[{""name"":""possible_gas_zone_1"",""x"":5.0,""y"":4.0},{""name"":""possible_gas_zone_2"",""x"":9.0,""y"":-4.0},{""name"":""possible_gas_zone_3"",""x"":13.0,""y"":3.0},{""name"":""possible_gas_zone_4"",""x"":7.0,""y"":0.0}]",0.006,possible_gas_zone_1,5.000,4.000,0.006
68,13.60,7.084,-0.168,1.500,136.760,multi_source,possible_gas_zone_1|possible_gas_zone_2|possible_gas_zone_3|possible_gas_zone_4,"[{""name"":""possible_gas_zone_1"",""x"":5.0,""y"":4.0},{""name"":""possible_gas_zone_2"",""x"":9.0,""y"":-4.0},{""name"":""possible_gas_zone_3"",""x"":13.0,""y"":3.0},{""name"":""possible_gas_zone_4"",""x"":7.0,""y"":0.0}]",0.188,possible_gas_zone_1,5.000,4.000,0.188
69,13.80,7.171,-0.341,1.500,135.971,multi_source,possible_gas_zone_1|possible_gas_zone_2|possible_gas_zone_3|possible_gas_zone_4,"[{""name"":""possible_gas_zone_1"",""x"":5.0,""y"":4.0},{""name"":""possible_gas_zone_2"",""x"":9.0,""y"":-4.0},{""name"":""possible_gas_zone_3"",""x"":13.0,""y"":3.0},{""name"":""possible_gas_zone_4"",""x"":7.0,""y"":0.0}]",0.382,possible_gas_zone_1,5.000,4.000,0.382
70,14.00,7.257,-0.515,1.500,133.457,multi_source,possible_gas_zone_1|possible_gas_zone_2|possible_gas_zone_3|possible_gas_zone_4,"[{""name"":""possible_gas_zone_1"",""x"":5.0,""y"":4.0},{""name"":""possible_gas_zone_2"",""x"":9.0,""y"":-4.0},{""name"":""possible_gas_zone_3"",""x"":13.0,""y"":3.0},{""name"":""possible_gas_zone_4"",""x"":7.0,""y"":0.0}]",0.576,possible_gas_zone_1,5.000,4.000,0.576
71,14.20,7.344,-0.688,1.500,129.837,multi_source,possible_gas_zone_1|possible_gas_zone_2|possible_gas_zone_3|possible_gas_zone_4,"[{""name"":""possible_gas_zone_1"",""x"":5.0,""y"":4.0},{""name"":""possible_gas_zone_2"",""x"":9.0,""y"":-4.0},{""name"":""possible_gas_zone_3"",""x"":13.0,""y"":3.0},{""name"":""possible_gas_zone_4"",""x"":7.0,""y"":0.0}]",0.770,possible_gas_zone_1,5.000,4.000,0.770
72,14.40,7.431,-0.862,1.500,126.148,multi_source,possible_gas_zone_1|possible_gas_zone_2|possible_gas_zone_3|possible_gas_zone_4,"[{""name"":""possible_gas_zone_1"",""x"":5.0,""y"":4.0},{""name"":""possible_gas_zone_2"",""x"":9.0,""y"":-4.0},{""name"":""possible_gas_zone_3"",""x"":13.0,""y"":3.0},{""name"":""possible_gas_zone_4"",""x"":7.0,""y"":0.0}]",0.963,possible_gas_zone_1,5.000,4.000,0.963
73,14.60,7.518,-1.035,1.500,124.913,multi_source,possible_gas_zone_1|possible_gas_zone_2|possible_gas_zone_3|possible_gas_zone_4,"[{""name"":""possible_gas_zone_1"",""x"":5.0,""y"":4.0},{""name"":""possible_gas_zone_2"",""x"":9.0,""y"":-4.0},{""name"":""possible_gas_zone_3"",""x"":13.0,""y"":3.0},{""name"":""possible_gas_zone_4"",""x"":7.0,""y"":0.0}]",1.157,possible_gas_zone_1,5.000,4.000,1.157
74,14.80,7.604,-1.209,1.500,123.499,multi_source,possible_gas_zone_1|possible_gas_zone_2|possible_gas_zone_3|possible_gas_zone_4,"[{""name"":""possible_gas_zone_1"",""x"":5.0,""y"":4.0},{""name"":""possible_gas_zone_2"",""x"":9.0,""y"":-4.0},{""name"":""possible_gas_zone_3"",""x"":13.0,""y"":3.0},{""name"":""possible_gas_zone_4"",""x"":7.0,""y"":0.0}]",1.351,possible_gas_zone_1,5.000,4.000,1.351
75,15.00,7.691,-1.382,1.500,121.336,multi_source,possible_gas_zone_1|possible_gas_zone_2|possible_gas_zone_3|possible_gas_zone_4,"[{""name"":""possible_gas_zone_1"",""x"":5.0,""y"":4.0},{""name"":""possible_gas_zone_2"",""x"":9.0,""y"":-4.0},{""name"":""possible_gas_zone_3"",""x"":13.0,""y"":3.0},{""name"":""possible_gas_zone_4"",""x"":7.0,""y"":0.0}]",1.545,possible_gas_zone_1,5.000,4.000,1.545
76,15.20,7.778,-1.556,1.500,118.625,multi_source,possible_gas_zone_1|possible_gas_zone_2|possible_gas_zone_3|possible_gas_zone_4,"[{""name"":""possible_gas_zone_1"",""x"":5.0,""y"":4.0},{""name"":""possible_gas_zone_2"",""x"":9.0,""y"":-4.0},{""name"":""possible_gas_zone_3"",""x"":13.0,""y"":3.0},{""name"":""possible_gas_zone_4"",""x"":7.0,""y"":0.0}]",1.739,possible_gas_zone_1,5.000,4.000,1.739
77,15.40,7.865,-1.729,1.500,118.103,multi_source,possible_gas_zone_1|possible_gas_zone_2|possible_gas_zone_3|possible_gas_zone_4,"[{""name"":""possible_gas_zone_1"",""x"":5.0,""y"":4.0},{""name"":""possible_gas_zone_2"",""x"":9.0,""y"":-4.0},{""name"":""possible_gas_zone_3"",""x"":13.0,""y"":3.0},{""name"":""possible_gas_zone_4"",""x"":7.0,""y"":0.0}]",1.933,possible_gas_zone_1,5.000,4.000,1.933
78,15.60,7.951,-1.903,1.500,116.690,multi_source,possible_gas_zone_1|possible_gas_zone_2|possible_gas_zone_3|possible_gas_zone_4,"[{""name"":""possible_gas_zone_1"",""x"":5.0,""y"":4.0},{""name"":""possible_gas_zone_2"",""x"":9.0,""y"":-4.0},{""name"":""possible_gas_zone_3"",""x"":13.0,""y"":3.0},{""name"":""possible_gas_zone_4"",""x"":7.0,""y"":0.0}]",2.127,possible_gas_zone_1,5.000,4.000,2.127
79,15.80,8.038,-2.076,1.500,115.164,multi_source,possible_gas_zone_1|possible_gas_zone_2|possible_gas_zone_3|possible_gas_zone_4,"[{""name"":""possible_gas_zone_1"",""x"":5.0,""y"":4.0},{""name"":""possible_gas_zone_2"",""x"":9.0,""y"":-4.0},{""name"":""possible_gas_zone_3"",""x"":13.0,""y"":3.0},{""name"":""possible_gas_zone_4"",""x"":7.0,""y"":0.0}]",2.151,possible_gas_zone_1,5.000,4.000,2.151
80,16.00,8.125,-2.249,1.500,116.062,multi_source,possible_gas_zone_1|possible_gas_zone_2|possible_gas_zone_3|possible_gas_zone_4,"[{""name"":""possible_gas_zone_1"",""x"":5.0,""y"":4.0},{""name"":""possible_gas_zone_2"",""x"":9.0,""y"":-4.0},{""name"":""possible_gas_zone_3"",""x"":13.0,""y"":3.0},{""name"":""possible_gas_zone_4"",""x"":7.0,""y"":0.0}]",1.957,possible_gas_zone_1,5.000,4.000,1.957
81,16.20,8.211,-2.423,1.500,113.270,multi_source,possible_gas_zone_1|possible_gas_zone_2|possible_gas_zone_3|possible_gas_zone_4,"[{""name"":""possible_gas_zone_1"",""x"":5.0,""y"":4.0},{""name"":""possible_gas_zone_2"",""x"":9.0,""y"":-4.0},{""name"":""possible_gas_zone_3"",""x"":13.0,""y"":3.0},{""name"":""possible_gas_zone_4"",""x"":7.0,""y"":0.0}]",1.763,possible_gas_zone_1,5.000,4.000,1.763
82,16.40,8.298,-2.596,1.500,118.816,multi_source,possible_gas_zone_1|possible_gas_zone_2|possible_gas_zone_3|possible_gas_zone_4,"[{""name"":""possible_gas_zone_1"",""x"":5.0,""y"":4.0},{""name"":""possible_gas_zone_2"",""x"":9.0,""y"":-4.0},{""name"":""possible_gas_zone_3"",""x"":13.0,""y"":3.0},{""name"":""possible_gas_zone_4"",""x"":7.0,""y"":0.0}]",1.569,possible_gas_zone_1,5.000,4.000,1.569
83,16.60,8.385,-2.770,1.500,122.369,multi_source,possible_gas_zone_1|possible_gas_zone_2|possible_gas_zone_3|possible_gas_zone_4,"[{""name"":""possible_gas_zone_1"",""x"":5.0,""y"":4.0},{""name"":""possible_gas_zone_2"",""x"":9.0,""y"":-4.0},{""name"":""possible_gas_zone_3"",""x"":13.0,""y"":3.0},{""name"":""possible_gas_zone_4"",""x"":7.0,""y"":0.0}]",1.375,possible_gas_zone_1,5.000,4.000,1.375
84,16.80,8.472,-2.943,1.500,125.060,multi_source,possible_gas_zone_1|possible_gas_zone_2|possible_gas_zone_3|possible_gas_zone_4,"[{""name"":""possible_gas_zone_1"",""x"":5.0,""y"":4.0},{""name"":""possible_gas_zone_2"",""x"":9.0,""y"":-4.0},{""name"":""possible_gas_zone_3"",""x"":13.0,""y"":3.0},{""name"":""possible_gas_zone_4"",""x"":7.0,""y"":0.0}]",1.181,possible_gas_zone_1,5.000,4.000,1.181
85,17.00,8.558,-3.117,1.500,126.259,multi_source,possible_gas_zone_1|possible_gas_zone_2|possible_gas_zone_3|possible_gas_zone_4,"[{""name"":""possible_gas_zone_1"",""x"":5.0,""y"":4.0},{""name"":""possible_gas_zone_2"",""x"":9.0,""y"":-4.0},{""name"":""possible_gas_zone_3"",""x"":13.0,""y"":3.0},{""name"":""possible_gas_zone_4"",""x"":7.0,""y"":0.0}]",0.988,possible_gas_zone_1,5.000,4.000,0.988
86,17.20,8.645,-3.290,1.500,127.370,multi_source,possible_gas_zone_1|possible_gas_zone_2|possible_gas_zone_3|possible_gas_zone_4,"[{""name"":""possible_gas_zone_1"",""x"":5.0,""y"":4.0},{""name"":""possible_gas_zone_2"",""x"":9.0,""y"":-4.0},{""name"":""possible_gas_zone_3"",""x"":13.0,""y"":3.0},{""name"":""possible_gas_zone_4"",""x"":7.0,""y"":0.0}]",0.794,possible_gas_zone_1,5.000,4.000,0.794
87,17.40,8.732,-3.464,1.500,131.920,multi_source,possible_gas_zone_1|possible_gas_zone_2|possible_gas_zone_3|possible_gas_zone_4,"[{""name"":""possible_gas_zone_1"",""x"":5.0,""y"":4.0},{""name"":""possible_gas_zone_2"",""x"":9.0,""y"":-4.0},{""name"":""possible_gas_zone_3"",""x"":13.0,""y"":3.0},{""name"":""possible_gas_zone_4"",""x"":7.0,""y"":0.0}]",0.600,possible_gas_zone_1,5.000,4.000,0.600
88,17.60,8.819,-3.637,1.500,131.758,multi_source,possible_gas_zone_1|possible_gas_zone_2|possible_gas_zone_3|possible_gas_zone_4,"[{""name"":""possible_gas_zone_1"",""x"":5.0,""y"":4.0},{""name"":""possible_gas_zone_2"",""x"":9.0,""y"":-4.0},{""name"":""possible_gas_zone_3"",""x"":13.0,""y"":3.0},{""name"":""possible_gas_zone_4"",""x"":7.0,""y"":0.0}]",0.406,possible_gas_zone_1,5.000,4.000,0.406
89,17.80,8.905,-3.811,1.500,131.376,multi_source,possible_gas_zone_1|possible_gas_zone_2|possible_gas_zone_3|possible_gas_zone_4,"[{""name"":""possible_gas_zone_1"",""x"":5.0,""y"":4.0},{""name"":""possible_gas_zone_2"",""x"":9.0,""y"":-4.0},{""name"":""possible_gas_zone_3"",""x"":13.0,""y"":3.0},{""name"":""possible_gas_zone_4"",""x"":7.0,""y"":0.0}]",0.212,possible_gas_zone_1,5.000,4.000,0.212
90,18.00,8.992,-3.984,1.500,132.449,multi_source,possible_gas_zone_1|possible_gas_zone_2|possible_gas_zone_3|possible_gas_zone_4,"[{""name"":""possible_gas_zone_1"",""x"":5.0,""y"":4.0},{""name"":""possible_gas_zone_2"",""x"":9.0,""y"":-4.0},{""name"":""possible_gas_zone_3"",""x"":13.0,""y"":3.0},{""name"":""possible_gas_zone_4"",""x"":7.0,""y"":0.0}]",0.018,possible_gas_zone_1,5.000,4.000,0.018
91,18.20,9.000,-3.824,1.500,130.713,multi_source,possible_gas_zone_1|possible_gas_zone_2|possible_gas_zone_3|possible_gas_zone_4,"[{""name"":""possible_gas_zone_1"",""x"":5.0,""y"":4.0},{""name"":""possible_gas_zone_2"",""x"":9.0,""y"":-4.0},{""name"":""possible_gas_zone_3"",""x"":13.0,""y"":3.0},{""name"":""possible_gas_zone_4"",""x"":7.0,""y"":0.0}]",0.176,possible_gas_zone_1,5.000,4.000,0.176
92,18.40,9.000,-3.630,1.500,131.086,multi_source,possible_gas_zone_1|possible_gas_zone_2|possible_gas_zone_3|possible_gas_zone_4,"[{""name"":""possible_gas_zone_1"",""x"":5.0,""y"":4.0},{""name"":""possible_gas_zone_2"",""x"":9.0,""y"":-4.0},{""name"":""possible_gas_zone_3"",""x"":13.0,""y"":3.0},{""name"":""possible_gas_zone_4"",""x"":7.0,""y"":0.0}]",0.370,possible_gas_zone_1,5.000,4.000,0.370
93,18.60,9.000,-3.436,1.500,128.467,multi_source,possible_gas_zone_1|possible_gas_zone_2|possible_gas_zone_3|possible_gas_zone_4,"[{""name"":""possible_gas_zone_1"",""x"":5.0,""y"":4.0},{""name"":""possible_gas_zone_2"",""x"":9.0,""y"":-4.0},{""name"":""possible_gas_zone_3"",""x"":13.0,""y"":3.0},{""name"":""possible_gas_zone_4"",""x"":7.0,""y"":0.0}]",0.564,possible_gas_zone_1,5.000,4.000,0.564
94,18.80,9.000,-3.242,1.500,127.713,multi_source,possible_gas_zone_1|possible_gas_zone_2|possible_gas_zone_3|possible_gas_zone_4,"[{""name"":""possible_gas_zone_1"",""x"":5.0,""y"":4.0},{""name"":""possible_gas_zone_2"",""x"":9.0,""y"":-4.0},{""name"":""possible_gas_zone_3"",""x"":13.0,""y"":3.0},{""name"":""possible_gas_zone_4"",""x"":7.0,""y"":0.0}]",0.758,possible_gas_zone_1,5.000,4.000,0.758
95,19.00,9.000,-3.048,1.500,124.339,multi_source,possible_gas_zone_1|possible_gas_zone_2|possible_gas_zone_3|possible_gas_zone_4,"[{""name"":""possible_gas_zone_1"",""x"":5.0,""y"":4.0},{""name"":""possible_gas_zone_2"",""x"":9.0,""y"":-4.0},{""name"":""possible_gas_zone_3"",""x"":13.0,""y"":3.0},{""name"":""possible_gas_zone_4"",""x"":7.0,""y"":0.0}]",0.952,possible_gas_zone_1,5.000,4.000,0.952
96,19.20,9.000,-2.854,1.500,121.080,multi_source,possible_gas_zone_1|possible_gas_zone_2|possible_gas_zone_3|possible_gas_zone_4,"[{""name"":""possible_gas_zone_1"",""x"":5.0,""y"":4.0},{""name"":""possible_gas_zone_2"",""x"":9.0,""y"":-4.0},{""name"":""possible_gas_zone_3"",""x"":13.0,""y"":3.0},{""name"":""possible_gas_zone_4"",""x"":7.0,""y"":0.0}]",1.146,possible_gas_zone_1,5.000,4.000,1.146
97,19.40,9.000,-2.660,1.500,115.881,multi_source,possible_gas_zone_1|possible_gas_zone_2|possible_gas_zone_3|possible_gas_zone_4,"[{""name"":""possible_gas_zone_1"",""x"":5.0,""y"":4.0},{""name"":""possible_gas_zone_2"",""x"":9.0,""y"":-4.0},{""name"":""possible_gas_zone_3"",""x"":13.0,""y"":3.0},{""name"":""possible_gas_zone_4"",""x"":7.0,""y"":0.0}]",1.340,possible_gas_zone_1,5.000,4.000,1.340
98,19.60,9.000,-2.466,1.500,114.025,multi_source,possible_gas_zone_1|possible_gas_zone_2|possible_gas_zone_3|possible_gas_zone_4,"[{""name"":""possible_gas_zone_1"",""x"":5.0,""y"":4.0},{""name"":""possible_gas_zone_2"",""x"":9.0,""y"":-4.0},{""name"":""possible_gas_zone_3"",""x"":13.0,""y"":3.0},{""name"":""possible_gas_zone_4"",""x"":7.0,""y"":0.0}]",1.534,possible_gas_zone_1,5.000,4.000,1.534
99,19.80,9.000,-2.272,1.500,108.819,multi_source,possible_gas_zone_1|possible_gas_zone_2|possible_gas_zone_3|possible_gas_zone_4,"[{""name"":""possible_gas_zone_1"",""x"":5.0,""y"":4.0},{""name"":""possible_gas_zone_2"",""x"":9.0,""y"":-4.0},{""name"":""possible_gas_zone_3"",""x"":13.0,""y"":3.0},{""name"":""possible_gas_zone_4"",""x"":7.0,""y"":0.0}]",1.728,possible_gas_zone_1,5.000,4.000,1.728
100,20.00,9.000,-2.078,1.500,105.937,multi_source,possible_gas_zone_1|possible_gas_zone_2|possible_gas_zone_3|possible_gas_zone_4,"[{""name"":""possible_gas_zone_1"",""x"":5.0,""y"":4.0},{""name"":""possible_gas_zone_2"",""x"":9.0,""y"":-4.0},{""name"":""possible_gas_zone_3"",""x"":13.0,""y"":3.0},{""name"":""possible_gas_zone_4"",""x"":7.0,""y"":0.0}]",1.922,possible_gas_zone_1,5.000,4.000,1.922
101,20.20,9.000,-1.885,1.500,103.392,multi_source,possible_gas_zone_1|possible_gas_zone_2|possible_gas_zone_3|possible_gas_zone_4,"[{""name"":""possible_gas_zone_1"",""x"":5.0,""y"":4.0},{""name"":""possible_gas_zone_2"",""x"":9.0,""y"":-4.0},{""name"":""possible_gas_zone_3"",""x"":13.0,""y"":3.0},{""name"":""possible_gas_zone_4"",""x"":7.0,""y"":0.0}]",2.115,possible_gas_zone_1,5.000,4.000,2.115
102,20.40,9.000,-1.691,1.500,100.122,multi_source,possible_gas_zone_1|possible_gas_zone_2|possible_gas_zone_3|possible_gas_zone_4,"[{""name"":""possible_gas_zone_1"",""x"":5.0,""y"":4.0},{""name"":""possible_gas_zone_2"",""x"":9.0,""y"":-4.0},{""name"":""possible_gas_zone_3"",""x"":13.0,""y"":3.0},{""name"":""possible_gas_zone_4"",""x"":7.0,""y"":0.0}]",2.309,possible_gas_zone_1,5.000,4.000,2.309
103,20.60,9.000,-1.497,1.500,97.295,multi_source,possible_gas_zone_1|possible_gas_zone_2|possible_gas_zone_3|possible_gas_zone_4,"[{""name"":""possible_gas_zone_1"",""x"":5.0,""y"":4.0},{""name"":""possible_gas_zone_2"",""x"":9.0,""y"":-4.0},{""name"":""possible_gas_zone_3"",""x"":13.0,""y"":3.0},{""name"":""possible_gas_zone_4"",""x"":7.0,""y"":0.0}]",2.498,possible_gas_zone_1,5.000,4.000,2.498
104,20.80,9.000,-1.303,1.500,95.513,multi_source,possible_gas_zone_1|possible_gas_zone_2|possible_gas_zone_3|possible_gas_zone_4,"[{""name"":""possible_gas_zone_1"",""x"":5.0,""y"":4.0},{""name"":""possible_gas_zone_2"",""x"":9.0,""y"":-4.0},{""name"":""possible_gas_zone_3"",""x"":13.0,""y"":3.0},{""name"":""possible_gas_zone_4"",""x"":7.0,""y"":0.0}]",2.387,possible_gas_zone_1,5.000,4.000,2.387
105,21.00,9.000,-1.109,1.500,91.514,multi_source,possible_gas_zone_1|possible_gas_zone_2|possible_gas_zone_3|possible_gas_zone_4,"[{""name"":""possible_gas_zone_1"",""x"":5.0,""y"":4.0},{""name"":""possible_gas_zone_2"",""x"":9.0,""y"":-4.0},{""name"":""possible_gas_zone_3"",""x"":13.0,""y"":3.0},{""name"":""possible_gas_zone_4"",""x"":7.0,""y"":0.0}]",2.287,possible_gas_zone_1,5.000,4.000,2.287
106,21.20,9.000,-0.915,1.500,89.219,multi_source,possible_gas_zone_1|possible_gas_zone_2|possible_gas_zone_3|possible_gas_zone_4,"[{""name"":""possible_gas_zone_1"",""x"":5.0,""y"":4.0},{""name"":""possible_gas_zone_2"",""x"":9.0,""y"":-4.0},{""name"":""possible_gas_zone_3"",""x"":13.0,""y"":3.0},{""name"":""possible_gas_zone_4"",""x"":7.0,""y"":0.0}]",2.199,possible_gas_zone_1,5.000,4.000,2.199
107,21.40,9.000,-0.721,1.500,89.801,multi_source,possible_gas_zone_1|possible_gas_zone_2|possible_gas_zone_3|possible_gas_zone_4,"[{""name"":""possible_gas_zone_1"",""x"":5.0,""y"":4.0},{""name"":""possible_gas_zone_2"",""x"":9.0,""y"":-4.0},{""name"":""possible_gas_zone_3"",""x"":13.0,""y"":3.0},{""name"":""possible_gas_zone_4"",""x"":7.0,""y"":0.0}]",2.126,possible_gas_zone_1,5.000,4.000,2.126
108,21.60,9.000,-0.527,1.500,87.715,multi_source,possible_gas_zone_1|possible_gas_zone_2|possible_gas_zone_3|possible_gas_zone_4,"[{""name"":""possible_gas_zone_1"",""x"":5.0,""y"":4.0},{""name"":""possible_gas_zone_2"",""x"":9.0,""y"":-4.0},{""name"":""possible_gas_zone_3"",""x"":13.0,""y"":3.0},{""name"":""possible_gas_zone_4"",""x"":7.0,""y"":0.0}]",2.068,possible_gas_zone_1,5.000,4.000,2.068
109,21.80,9.000,-0.333,1.500,86.101,multi_source,possible_gas_zone_1|possible_gas_zone_2|possible_gas_zone_3|possible_gas_zone_4,"[{""name"":""possible_gas_zone_1"",""x"":5.0,""y"":4.0},{""name"":""possible_gas_zone_2"",""x"":9.0,""y"":-4.0},{""name"":""possible_gas_zone_3"",""x"":13.0,""y"":3.0},{""name"":""possible_gas_zone_4"",""x"":7.0,""y"":0.0}]",2.028,possible_gas_zone_1,5.000,4.000,2.028
110,22.00,9.000,-0.139,1.500,84.845,multi_source,possible_gas_zone_1|possible_gas_zone_2|possible_gas_zone_3|possible_gas_zone_4,"[{""name"":""possible_gas_zone_1"",""x"":5.0,""y"":4.0},{""name"":""possible_gas_zone_2"",""x"":9.0,""y"":-4.0},{""name"":""possible_gas_zone_3"",""x"":13.0,""y"":3.0},{""name"":""possible_gas_zone_4"",""x"":7.0,""y"":0.0}]",2.005,possible_gas_zone_1,5.000,4.000,2.005
111,22.20,9.044,0.033,1.500,80.833,multi_source,possible_gas_zone_1|possible_gas_zone_2|possible_gas_zone_3|possible_gas_zone_4,"[{""name"":""possible_gas_zone_1"",""x"":5.0,""y"":4.0},{""name"":""possible_gas_zone_2"",""x"":9.0,""y"":-4.0},{""name"":""possible_gas_zone_3"",""x"":13.0,""y"":3.0},{""name"":""possible_gas_zone_4"",""x"":7.0,""y"":0.0}]",2.044,possible_gas_zone_1,5.000,4.000,2.044
112,22.40,9.199,0.149,1.500,74.986,multi_source,possible_gas_zone_1|possible_gas_zone_2|possible_gas_zone_3|possible_gas_zone_4,"[{""name"":""possible_gas_zone_1"",""x"":5.0,""y"":4.0},{""name"":""possible_gas_zone_2"",""x"":9.0,""y"":-4.0},{""name"":""possible_gas_zone_3"",""x"":13.0,""y"":3.0},{""name"":""possible_gas_zone_4"",""x"":7.0,""y"":0.0}]",2.204,possible_gas_zone_1,5.000,4.000,2.204
113,22.60,9.354,0.266,1.500,68.778,multi_source,possible_gas_zone_1|possible_gas_zone_2|possible_gas_zone_3|possible_gas_zone_4,"[{""name"":""possible_gas_zone_1"",""x"":5.0,""y"":4.0},{""name"":""possible_gas_zone_2"",""x"":9.0,""y"":-4.0},{""name"":""possible_gas_zone_3"",""x"":13.0,""y"":3.0},{""name"":""possible_gas_zone_4"",""x"":7.0,""y"":0.0}]",2.369,possible_gas_zone_1,5.000,4.000,2.369
114,22.80,9.509,0.382,1.500,63.881,multi_source,possible_gas_zone_1|possible_gas_zone_2|possible_gas_zone_3|possible_gas_zone_4,"[{""name"":""possible_gas_zone_1"",""x"":5.0,""y"":4.0},{""name"":""possible_gas_zone_2"",""x"":9.0,""y"":-4.0},{""name"":""possible_gas_zone_3"",""x"":13.0,""y"":3.0},{""name"":""possible_gas_zone_4"",""x"":7.0,""y"":0.0}]",2.538,possible_gas_zone_1,5.000,4.000,2.538
115,23.00,9.664,0.498,1.500,58.873,multi_source,possible_gas_zone_1|possible_gas_zone_2|possible_gas_zone_3|possible_gas_zone_4,"[{""name"":""possible_gas_zone_1"",""x"":5.0,""y"":4.0},{""name"":""possible_gas_zone_2"",""x"":9.0,""y"":-4.0},{""name"":""possible_gas_zone_3"",""x"":13.0,""y"":3.0},{""name"":""possible_gas_zone_4"",""x"":7.0,""y"":0.0}]",2.711,possible_gas_zone_1,5.000,4.000,2.711
116,23.20,9.820,0.615,1.500,52.980,multi_source,possible_gas_zone_1|possible_gas_zone_2|possible_gas_zone_3|possible_gas_zone_4,"[{""name"":""possible_gas_zone_1"",""x"":5.0,""y"":4.0},{""name"":""possible_gas_zone_2"",""x"":9.0,""y"":-4.0},{""name"":""possible_gas_zone_3"",""x"":13.0,""y"":3.0},{""name"":""possible_gas_zone_4"",""x"":7.0,""y"":0.0}]",2.886,possible_gas_zone_1,5.000,4.000,2.886
117,23.40,9.975,0.731,1.500,50.292,multi_source,possible_gas_zone_1|possible_gas_zone_2|possible_gas_zone_3|possible_gas_zone_4,"[{""name"":""possible_gas_zone_1"",""x"":5.0,""y"":4.0},{""name"":""possible_gas_zone_2"",""x"":9.0,""y"":-4.0},{""name"":""possible_gas_zone_3"",""x"":13.0,""y"":3.0},{""name"":""possible_gas_zone_4"",""x"":7.0,""y"":0.0}]",3.063,possible_gas_zone_1,5.000,4.000,3.063
118,23.60,10.130,0.847,1.500,46.209,multi_source,possible_gas_zone_1|possible_gas_zone_2|possible_gas_zone_3|possible_gas_zone_4,"[{""name"":""possible_gas_zone_1"",""x"":5.0,""y"":4.0},{""name"":""possible_gas_zone_2"",""x"":9.0,""y"":-4.0},{""name"":""possible_gas_zone_3"",""x"":13.0,""y"":3.0},{""name"":""possible_gas_zone_4"",""x"":7.0,""y"":0.0}]",3.243,possible_gas_zone_1,5.000,4.000,3.243
119,23.80,10.285,0.964,1.500,48.149,multi_source,possible_gas_zone_1|possible_gas_zone_2|possible_gas_zone_3|possible_gas_zone_4,"[{""name"":""possible_gas_zone_1"",""x"":5.0,""y"":4.0},{""name"":""possible_gas_zone_2"",""x"":9.0,""y"":-4.0},{""name"":""possible_gas_zone_3"",""x"":13.0,""y"":3.0},{""name"":""possible_gas_zone_4"",""x"":7.0,""y"":0.0}]",3.394,possible_gas_zone_1,5.000,4.000,3.394
120,24.00,10.440,1.080,1.500,49.073,multi_source,possible_gas_zone_1|possible_gas_zone_2|possible_gas_zone_3|possible_gas_zone_4,"[{""name"":""possible_gas_zone_1"",""x"":5.0,""y"":4.0},{""name"":""possible_gas_zone_2"",""x"":9.0,""y"":-4.0},{""name"":""possible_gas_zone_3"",""x"":13.0,""y"":3.0},{""name"":""possible_gas_zone_4"",""x"":7.0,""y"":0.0}]",3.200,possible_gas_zone_1,5.000,4.000,3.200
121,24.20,10.595,1.197,1.500,47.806,multi_source,possible_gas_zone_1|possible_gas_zone_2|possible_gas_zone_3|possible_gas_zone_4,"[{""name"":""possible_gas_zone_1"",""x"":5.0,""y"":4.0},{""name"":""possible_gas_zone_2"",""x"":9.0,""y"":-4.0},{""name"":""possible_gas_zone_3"",""x"":13.0,""y"":3.0},{""name"":""possible_gas_zone_4"",""x"":7.0,""y"":0.0}]",3.006,possible_gas_zone_1,5.000,4.000,3.006
122,24.40,10.751,1.313,1.500,52.996,multi_source,possible_gas_zone_1|possible_gas_zone_2|possible_gas_zone_3|possible_gas_zone_4,"[{""name"":""possible_gas_zone_1"",""x"":5.0,""y"":4.0},{""name"":""possible_gas_zone_2"",""x"":9.0,""y"":-4.0},{""name"":""possible_gas_zone_3"",""x"":13.0,""y"":3.0},{""name"":""possible_gas_zone_4"",""x"":7.0,""y"":0.0}]",2.812,possible_gas_zone_1,5.000,4.000,2.812
123,24.60,10.906,1.429,1.500,54.943,multi_source,possible_gas_zone_1|possible_gas_zone_2|possible_gas_zone_3|possible_gas_zone_4,"[{""name"":""possible_gas_zone_1"",""x"":5.0,""y"":4.0},{""name"":""possible_gas_zone_2"",""x"":9.0,""y"":-4.0},{""name"":""possible_gas_zone_3"",""x"":13.0,""y"":3.0},{""name"":""possible_gas_zone_4"",""x"":7.0,""y"":0.0}]",2.618,possible_gas_zone_1,5.000,4.000,2.618
124,24.80,11.061,1.546,1.500,62.310,multi_source,possible_gas_zone_1|possible_gas_zone_2|possible_gas_zone_3|possible_gas_zone_4,"[{""name"":""possible_gas_zone_1"",""x"":5.0,""y"":4.0},{""name"":""possible_gas_zone_2"",""x"":9.0,""y"":-4.0},{""name"":""possible_gas_zone_3"",""x"":13.0,""y"":3.0},{""name"":""possible_gas_zone_4"",""x"":7.0,""y"":0.0}]",2.424,possible_gas_zone_1,5.000,4.000,2.424
125,25.00,11.216,1.662,1.500,67.926,multi_source,possible_gas_zone_1|possible_gas_zone_2|possible_gas_zone_3|possible_gas_zone_4,"[{""name"":""possible_gas_zone_1"",""x"":5.0,""y"":4.0},{""name"":""possible_gas_zone_2"",""x"":9.0,""y"":-4.0},{""name"":""possible_gas_zone_3"",""x"":13.0,""y"":3.0},{""name"":""possible_gas_zone_4"",""x"":7.0,""y"":0.0}]",2.230,possible_gas_zone_1,5.000,4.000,2.230
126,25.20,11.371,1.778,1.500,71.098,multi_source,possible_gas_zone_1|possible_gas_zone_2|possible_gas_zone_3|possible_gas_zone_4,"[{""name"":""possible_gas_zone_1"",""x"":5.0,""y"":4.0},{""name"":""possible_gas_zone_2"",""x"":9.0,""y"":-4.0},{""name"":""possible_gas_zone_3"",""x"":13.0,""y"":3.0},{""name"":""possible_gas_zone_4"",""x"":7.0,""y"":0.0}]",2.036,possible_gas_zone_1,5.000,4.000,2.036
127,25.40,11.526,1.895,1.500,79.310,multi_source,possible_gas_zone_1|possible_gas_zone_2|possible_gas_zone_3|possible_gas_zone_4,"[{""name"":""possible_gas_zone_1"",""x"":5.0,""y"":4.0},{""name"":""possible_gas_zone_2"",""x"":9.0,""y"":-4.0},{""name"":""possible_gas_zone_3"",""x"":13.0,""y"":3.0},{""name"":""possible_gas_zone_4"",""x"":7.0,""y"":0.0}]",1.842,possible_gas_zone_1,5.000,4.000,1.842
128,25.60,11.681,2.011,1.500,86.795,multi_source,possible_gas_zone_1|possible_gas_zone_2|possible_gas_zone_3|possible_gas_zone_4,"[{""name"":""possible_gas_zone_1"",""x"":5.0,""y"":4.0},{""name"":""possible_gas_zone_2"",""x"":9.0,""y"":-4.0},{""name"":""possible_gas_zone_3"",""x"":13.0,""y"":3.0},{""name"":""possible_gas_zone_4"",""x"":7.0,""y"":0.0}]",1.648,possible_gas_zone_1,5.000,4.000,1.648
129,25.80,11.837,2.127,1.500,96.235,multi_source,possible_gas_zone_1|possible_gas_zone_2|possible_gas_zone_3|possible_gas_zone_4,"[{""name"":""possible_gas_zone_1"",""x"":5.0,""y"":4.0},{""name"":""possible_gas_zone_2"",""x"":9.0,""y"":-4.0},{""name"":""possible_gas_zone_3"",""x"":13.0,""y"":3.0},{""name"":""possible_gas_zone_4"",""x"":7.0,""y"":0.0}]",1.454,possible_gas_zone_1,5.000,4.000,1.454
130,26.00,11.992,2.244,1.500,98.922,multi_source,possible_gas_zone_1|possible_gas_zone_2|possible_gas_zone_3|possible_gas_zone_4,"[{""name"":""possible_gas_zone_1"",""x"":5.0,""y"":4.0},{""name"":""possible_gas_zone_2"",""x"":9.0,""y"":-4.0},{""name"":""possible_gas_zone_3"",""x"":13.0,""y"":3.0},{""name"":""possible_gas_zone_4"",""x"":7.0,""y"":0.0}]",1.260,possible_gas_zone_1,5.000,4.000,1.260
131,26.20,12.147,2.360,1.500,105.576,multi_source,possible_gas_zone_1|possible_gas_zone_2|possible_gas_zone_3|possible_gas_zone_4,"[{""name"":""possible_gas_zone_1"",""x"":5.0,""y"":4.0},{""name"":""possible_gas_zone_2"",""x"":9.0,""y"":-4.0},{""name"":""possible_gas_zone_3"",""x"":13.0,""y"":3.0},{""name"":""possible_gas_zone_4"",""x"":7.0,""y"":0.0}]",1.066,possible_gas_zone_1,5.000,4.000,1.066
132,26.40,12.302,2.477,1.500,113.350,multi_source,possible_gas_zone_1|possible_gas_zone_2|possible_gas_zone_3|possible_gas_zone_4,"[{""name"":""possible_gas_zone_1"",""x"":5.0,""y"":4.0},{""name"":""possible_gas_zone_2"",""x"":9.0,""y"":-4.0},{""name"":""possible_gas_zone_3"",""x"":13.0,""y"":3.0},{""name"":""possible_gas_zone_4"",""x"":7.0,""y"":0.0}]",0.872,possible_gas_zone_1,5.000,4.000,0.872
133,26.60,12.457,2.593,1.500,117.120,multi_source,possible_gas_zone_1|possible_gas_zone_2|possible_gas_zone_3|possible_gas_zone_4,"[{""name"":""possible_gas_zone_1"",""x"":5.0,""y"":4.0},{""name"":""possible_gas_zone_2"",""x"":9.0,""y"":-4.0},{""name"":""possible_gas_zone_3"",""x"":13.0,""y"":3.0},{""name"":""possible_gas_zone_4"",""x"":7.0,""y"":0.0}]",0.679,possible_gas_zone_1,5.000,4.000,0.679
134,26.80,12.612,2.709,1.500,121.771,multi_source,possible_gas_zone_1|possible_gas_zone_2|possible_gas_zone_3|possible_gas_zone_4,"[{""name"":""possible_gas_zone_1"",""x"":5.0,""y"":4.0},{""name"":""possible_gas_zone_2"",""x"":9.0,""y"":-4.0},{""name"":""possible_gas_zone_3"",""x"":13.0,""y"":3.0},{""name"":""possible_gas_zone_4"",""x"":7.0,""y"":0.0}]",0.485,possible_gas_zone_1,5.000,4.000,0.485
135,27.00,12.767,2.826,1.500,124.291,multi_source,possible_gas_zone_1|possible_gas_zone_2|possible_gas_zone_3|possible_gas_zone_4,"[{""name"":""possible_gas_zone_1"",""x"":5.0,""y"":4.0},{""name"":""possible_gas_zone_2"",""x"":9.0,""y"":-4.0},{""name"":""possible_gas_zone_3"",""x"":13.0,""y"":3.0},{""name"":""possible_gas_zone_4"",""x"":7.0,""y"":0.0}]",0.291,possible_gas_zone_1,5.000,4.000,0.291
136,27.20,12.923,2.942,1.500,125.059,multi_source,possible_gas_zone_1|possible_gas_zone_2|possible_gas_zone_3|possible_gas_zone_4,"[{""name"":""possible_gas_zone_1"",""x"":5.0,""y"":4.0},{""name"":""possible_gas_zone_2"",""x"":9.0,""y"":-4.0},{""name"":""possible_gas_zone_3"",""x"":13.0,""y"":3.0},{""name"":""possible_gas_zone_4"",""x"":7.0,""y"":0.0}]",0.097,possible_gas_zone_1,5.000,4.000,0.097
137,27.40,13.000,2.903,1.500,126.025,multi_source,possible_gas_zone_1|possible_gas_zone_2|possible_gas_zone_3|possible_gas_zone_4,"[{""name"":""possible_gas_zone_1"",""x"":5.0,""y"":4.0},{""name"":""possible_gas_zone_2"",""x"":9.0,""y"":-4.0},{""name"":""possible_gas_zone_3"",""x"":13.0,""y"":3.0},{""name"":""possible_gas_zone_4"",""x"":7.0,""y"":0.0}]",0.097,possible_gas_zone_1,5.000,4.000,0.097
138,27.60,13.000,2.709,1.500,123.591,multi_source,possible_gas_zone_1|possible_gas_zone_2|possible_gas_zone_3|possible_gas_zone_4,"[{""name"":""possible_gas_zone_1"",""x"":5.0,""y"":4.0},{""name"":""possible_gas_zone_2"",""x"":9.0,""y"":-4.0},{""name"":""possible_gas_zone_3"",""x"":13.0,""y"":3.0},{""name"":""possible_gas_zone_4"",""x"":7.0,""y"":0.0}]",0.291,possible_gas_zone_1,5.000,4.000,0.291
139,27.80,13.000,2.515,1.500,121.353,multi_source,possible_gas_zone_1|possible_gas_zone_2|possible_gas_zone_3|possible_gas_zone_4,"[{""name"":""possible_gas_zone_1"",""x"":5.0,""y"":4.0},{""name"":""possible_gas_zone_2"",""x"":9.0,""y"":-4.0},{""name"":""possible_gas_zone_3"",""x"":13.0,""y"":3.0},{""name"":""possible_gas_zone_4"",""x"":7.0,""y"":0.0}]",0.485,possible_gas_zone_1,5.000,4.000,0.485
140,28.00,13.000,2.321,1.500,117.740,multi_source,possible_gas_zone_1|possible_gas_zone_2|possible_gas_zone_3|possible_gas_zone_4,"[{""name"":""possible_gas_zone_1"",""x"":5.0,""y"":4.0},{""name"":""possible_gas_zone_2"",""x"":9.0,""y"":-4.0},{""name"":""possible_gas_zone_3"",""x"":13.0,""y"":3.0},{""name"":""possible_gas_zone_4"",""x"":7.0,""y"":0.0}]",0.679,possible_gas_zone_1,5.000,4.000,0.679
141,28.20,13.000,2.127,1.500,113.321,multi_source,possible_gas_zone_1|possible_gas_zone_2|possible_gas_zone_3|possible_gas_zone_4,"[{""name"":""possible_gas_zone_1"",""x"":5.0,""y"":4.0},{""name"":""possible_gas_zone_2"",""x"":9.0,""y"":-4.0},{""name"":""possible_gas_zone_3"",""x"":13.0,""y"":3.0},{""name"":""possible_gas_zone_4"",""x"":7.0,""y"":0.0}]",0.873,possible_gas_zone_1,5.000,4.000,0.873
142,28.40,13.000,1.933,1.500,109.573,multi_source,possible_gas_zone_1|possible_gas_zone_2|possible_gas_zone_3|possible_gas_zone_4,"[{""name"":""possible_gas_zone_1"",""x"":5.0,""y"":4.0},{""name"":""possible_gas_zone_2"",""x"":9.0,""y"":-4.0},{""name"":""possible_gas_zone_3"",""x"":13.0,""y"":3.0},{""name"":""possible_gas_zone_4"",""x"":7.0,""y"":0.0}]",1.067,possible_gas_zone_1,5.000,4.000,1.067
143,28.60,13.000,1.739,1.500,98.368,multi_source,possible_gas_zone_1|possible_gas_zone_2|possible_gas_zone_3|possible_gas_zone_4,"[{""name"":""possible_gas_zone_1"",""x"":5.0,""y"":4.0},{""name"":""possible_gas_zone_2"",""x"":9.0,""y"":-4.0},{""name"":""possible_gas_zone_3"",""x"":13.0,""y"":3.0},{""name"":""possible_gas_zone_4"",""x"":7.0,""y"":0.0}]",1.261,possible_gas_zone_1,5.000,4.000,1.261
144,28.80,13.000,1.545,1.500,94.239,multi_source,possible_gas_zone_1|possible_gas_zone_2|possible_gas_zone_3|possible_gas_zone_4,"[{""name"":""possible_gas_zone_1"",""x"":5.0,""y"":4.0},{""name"":""possible_gas_zone_2"",""x"":9.0,""y"":-4.0},{""name"":""possible_gas_zone_3"",""x"":13.0,""y"":3.0},{""name"":""possible_gas_zone_4"",""x"":7.0,""y"":0.0}]",1.455,possible_gas_zone_1,5.000,4.000,1.455
145,29.00,13.000,1.351,1.500,84.910,multi_source,possible_gas_zone_1|possible_gas_zone_2|possible_gas_zone_3|possible_gas_zone_4,"[{""name"":""possible_gas_zone_1"",""x"":5.0,""y"":4.0},{""name"":""possible_gas_zone_2"",""x"":9.0,""y"":-4.0},{""name"":""possible_gas_zone_3"",""x"":13.0,""y"":3.0},{""name"":""possible_gas_zone_4"",""x"":7.0,""y"":0.0}]",1.649,possible_gas_zone_1,5.000,4.000,1.649
146,29.20,13.000,1.157,1.500,75.574,multi_source,possible_gas_zone_1|possible_gas_zone_2|possible_gas_zone_3|possible_gas_zone_4,"[{""name"":""possible_gas_zone_1"",""x"":5.0,""y"":4.0},{""name"":""possible_gas_zone_2"",""x"":9.0,""y"":-4.0},{""name"":""possible_gas_zone_3"",""x"":13.0,""y"":3.0},{""name"":""possible_gas_zone_4"",""x"":7.0,""y"":0.0}]",1.843,possible_gas_zone_1,5.000,4.000,1.843
147,29.40,13.000,0.963,1.500,69.423,multi_source,possible_gas_zone_1|possible_gas_zone_2|possible_gas_zone_3|possible_gas_zone_4,"[{""name"":""possible_gas_zone_1"",""x"":5.0,""y"":4.0},{""name"":""possible_gas_zone_2"",""x"":9.0,""y"":-4.0},{""name"":""possible_gas_zone_3"",""x"":13.0,""y"":3.0},{""name"":""possible_gas_zone_4"",""x"":7.0,""y"":0.0}]",2.037,possible_gas_zone_1,5.000,4.000,2.037
148,29.60,13.000,0.770,1.500,60.581,multi_source,possible_gas_zone_1|possible_gas_zone_2|possible_gas_zone_3|possible_gas_zone_4,"[{""name"":""possible_gas_zone_1"",""x"":5.0,""y"":4.0},{""name"":""possible_gas_zone_2"",""x"":9.0,""y"":-4.0},{""name"":""possible_gas_zone_3"",""x"":13.0,""y"":3.0},{""name"":""possible_gas_zone_4"",""x"":7.0,""y"":0.0}]",2.230,possible_gas_zone_1,5.000,4.000,2.230
149,29.80,13.000,0.576,1.500,54.574,multi_source,possible_gas_zone_1|possible_gas_zone_2|possible_gas_zone_3|possible_gas_zone_4,"[{""name"":""possible_gas_zone_1"",""x"":5.0,""y"":4.0},{""name"":""possible_gas_zone_2"",""x"":9.0,""y"":-4.0},{""name"":""possible_gas_zone_3"",""x"":13.0,""y"":3.0},{""name"":""possible_gas_zone_4"",""x"":7.0,""y"":0.0}]",2.424,possible_gas_zone_1,5.000,4.000,2.424
150,30.00,13.000,0.382,1.500,48.164,multi_source,possible_gas_zone_1|possible_gas_zone_2|possible_gas_zone_3|possible_gas_zone_4,"[{""name"":""possible_gas_zone_1"",""x"":5.0,""y"":4.0},{""name"":""possible_gas_zone_2"",""x"":9.0,""y"":-4.0},{""name"":""possible_gas_zone_3"",""x"":13.0,""y"":3.0},{""name"":""possible_gas_zone_4"",""x"":7.0,""y"":0.0}]",2.618,possible_gas_zone_1,5.000,4.000,2.618
151,30.20,13.000,0.188,1.500,42.730,multi_source,possible_gas_zone_1|possible_gas_zone_2|possible_gas_zone_3|possible_gas_zone_4,"[{""name"":""possible_gas_zone_1"",""x"":5.0,""y"":4.0},{""name"":""possible_gas_zone_2"",""x"":9.0,""y"":-4.0},{""name"":""possible_gas_zone_3"",""x"":13.0,""y"":3.0},{""name"":""possible_gas_zone_4"",""x"":7.0,""y"":0.0}]",2.812,possible_gas_zone_1,5.000,4.000,2.812
152,30.40,12.994,0.000,1.500,36.112,multi_source,possible_gas_zone_1|possible_gas_zone_2|possible_gas_zone_3|possible_gas_zone_4,"[{""name"":""possible_gas_zone_1"",""x"":5.0,""y"":4.0},{""name"":""possible_gas_zone_2"",""x"":9.0,""y"":-4.0},{""name"":""possible_gas_zone_3"",""x"":13.0,""y"":3.0},{""name"":""possible_gas_zone_4"",""x"":7.0,""y"":0.0}]",3.000,possible_gas_zone_1,5.000,4.000,3.000
153,30.60,12.800,0.000,1.500,35.757,multi_source,possible_gas_zone_1|possible_gas_zone_2|possible_gas_zone_3|possible_gas_zone_4,"[{""name"":""possible_gas_zone_1"",""x"":5.0,""y"":4.0},{""name"":""possible_gas_zone_2"",""x"":9.0,""y"":-4.0},{""name"":""possible_gas_zone_3"",""x"":13.0,""y"":3.0},{""name"":""possible_gas_zone_4"",""x"":7.0,""y"":0.0}]",3.007,possible_gas_zone_1,5.000,4.000,3.007
154,30.80,12.606,0.000,1.500,36.535,multi_source,possible_gas_zone_1|possible_gas_zone_2|possible_gas_zone_3|possible_gas_zone_4,"[{""name"":""possible_gas_zone_1"",""x"":5.0,""y"":4.0},{""name"":""possible_gas_zone_2"",""x"":9.0,""y"":-4.0},{""name"":""possible_gas_zone_3"",""x"":13.0,""y"":3.0},{""name"":""possible_gas_zone_4"",""x"":7.0,""y"":0.0}]",3.026,possible_gas_zone_1,5.000,4.000,3.026
155,31.00,12.412,0.000,1.500,38.104,multi_source,possible_gas_zone_1|possible_gas_zone_2|possible_gas_zone_3|possible_gas_zone_4,"[{""name"":""possible_gas_zone_1"",""x"":5.0,""y"":4.0},{""name"":""possible_gas_zone_2"",""x"":9.0,""y"":-4.0},{""name"":""possible_gas_zone_3"",""x"":13.0,""y"":3.0},{""name"":""possible_gas_zone_4"",""x"":7.0,""y"":0.0}]",3.057,possible_gas_zone_1,5.000,4.000,3.057
156,31.20,12.218,0.000,1.500,35.973,multi_source,possible_gas_zone_1|possible_gas_zone_2|possible_gas_zone_3|possible_gas_zone_4,"[{""name"":""possible_gas_zone_1"",""x"":5.0,""y"":4.0},{""name"":""possible_gas_zone_2"",""x"":9.0,""y"":-4.0},{""name"":""possible_gas_zone_3"",""x"":13.0,""y"":3.0},{""name"":""possible_gas_zone_4"",""x"":7.0,""y"":0.0}]",3.100,possible_gas_zone_1,5.000,4.000,3.100
157,31.40,12.024,0.000,1.500,33.758,multi_source,possible_gas_zone_1|possible_gas_zone_2|possible_gas_zone_3|possible_gas_zone_4,"[{""name"":""possible_gas_zone_1"",""x"":5.0,""y"":4.0},{""name"":""possible_gas_zone_2"",""x"":9.0,""y"":-4.0},{""name"":""possible_gas_zone_3"",""x"":13.0,""y"":3.0},{""name"":""possible_gas_zone_4"",""x"":7.0,""y"":0.0}]",3.155,possible_gas_zone_1,5.000,4.000,3.155
158,31.60,11.830,0.000,1.500,37.471,multi_source,possible_gas_zone_1|possible_gas_zone_2|possible_gas_zone_3|possible_gas_zone_4,"[{""name"":""possible_gas_zone_1"",""x"":5.0,""y"":4.0},{""name"":""possible_gas_zone_2"",""x"":9.0,""y"":-4.0},{""name"":""possible_gas_zone_3"",""x"":13.0,""y"":3.0},{""name"":""possible_gas_zone_4"",""x"":7.0,""y"":0.0}]",3.220,possible_gas_zone_1,5.000,4.000,3.220
159,31.80,11.636,0.000,1.500,35.471,multi_source,possible_gas_zone_1|possible_gas_zone_2|possible_gas_zone_3|possible_gas_zone_4,"[{""name"":""possible_gas_zone_1"",""x"":5.0,""y"":4.0},{""name"":""possible_gas_zone_2"",""x"":9.0,""y"":-4.0},{""name"":""possible_gas_zone_3"",""x"":13.0,""y"":3.0},{""name"":""possible_gas_zone_4"",""x"":7.0,""y"":0.0}]",3.295,possible_gas_zone_1,5.000,4.000,3.295
160,32.00,11.442,0.000,1.500,36.751,multi_source,possible_gas_zone_1|possible_gas_zone_2|possible_gas_zone_3|possible_gas_zone_4,"[{""name"":""possible_gas_zone_1"",""x"":5.0,""y"":4.0},{""name"":""possible_gas_zone_2"",""x"":9.0,""y"":-4.0},{""name"":""possible_gas_zone_3"",""x"":13.0,""y"":3.0},{""name"":""possible_gas_zone_4"",""x"":7.0,""y"":0.0}]",3.380,possible_gas_zone_1,5.000,4.000,3.380
161,32.20,11.248,0.000,1.500,35.535,multi_source,possible_gas_zone_1|possible_gas_zone_2|possible_gas_zone_3|possible_gas_zone_4,"[{""name"":""possible_gas_zone_1"",""x"":5.0,""y"":4.0},{""name"":""possible_gas_zone_2"",""x"":9.0,""y"":-4.0},{""name"":""possible_gas_zone_3"",""x"":13.0,""y"":3.0},{""name"":""possible_gas_zone_4"",""x"":7.0,""y"":0.0}]",3.474,possible_gas_zone_1,5.000,4.000,3.474
162,32.40,11.054,0.000,1.500,36.540,multi_source,possible_gas_zone_1|possible_gas_zone_2|possible_gas_zone_3|possible_gas_zone_4,"[{""name"":""possible_gas_zone_1"",""x"":5.0,""y"":4.0},{""name"":""possible_gas_zone_2"",""x"":9.0,""y"":-4.0},{""name"":""possible_gas_zone_3"",""x"":13.0,""y"":3.0},{""name"":""possible_gas_zone_4"",""x"":7.0,""y"":0.0}]",3.576,possible_gas_zone_1,5.000,4.000,3.576
163,32.60,10.860,0.000,1.500,35.742,multi_source,possible_gas_zone_1|possible_gas_zone_2|possible_gas_zone_3|possible_gas_zone_4,"[{""name"":""possible_gas_zone_1"",""x"":5.0,""y"":4.0},{""name"":""possible_gas_zone_2"",""x"":9.0,""y"":-4.0},{""name"":""possible_gas_zone_3"",""x"":13.0,""y"":3.0},{""name"":""possible_gas_zone_4"",""x"":7.0,""y"":0.0}]",3.685,possible_gas_zone_1,5.000,4.000,3.685
164,32.80,10.667,0.000,1.500,40.282,multi_source,possible_gas_zone_1|possible_gas_zone_2|possible_gas_zone_3|possible_gas_zone_4,"[{""name"":""possible_gas_zone_1"",""x"":5.0,""y"":4.0},{""name"":""possible_gas_zone_2"",""x"":9.0,""y"":-4.0},{""name"":""possible_gas_zone_3"",""x"":13.0,""y"":3.0},{""name"":""possible_gas_zone_4"",""x"":7.0,""y"":0.0}]",3.667,possible_gas_zone_1,5.000,4.000,3.667
165,33.00,10.473,0.000,1.500,43.252,multi_source,possible_gas_zone_1|possible_gas_zone_2|possible_gas_zone_3|possible_gas_zone_4,"[{""name"":""possible_gas_zone_1"",""x"":5.0,""y"":4.0},{""name"":""possible_gas_zone_2"",""x"":9.0,""y"":-4.0},{""name"":""possible_gas_zone_3"",""x"":13.0,""y"":3.0},{""name"":""possible_gas_zone_4"",""x"":7.0,""y"":0.0}]",3.473,possible_gas_zone_1,5.000,4.000,3.473
166,33.20,10.279,0.000,1.500,45.896,multi_source,possible_gas_zone_1|possible_gas_zone_2|possible_gas_zone_3|possible_gas_zone_4,"[{""name"":""possible_gas_zone_1"",""x"":5.0,""y"":4.0},{""name"":""possible_gas_zone_2"",""x"":9.0,""y"":-4.0},{""name"":""possible_gas_zone_3"",""x"":13.0,""y"":3.0},{""name"":""possible_gas_zone_4"",""x"":7.0,""y"":0.0}]",3.279,possible_gas_zone_1,5.000,4.000,3.279
167,33.40,10.085,0.000,1.500,51.263,multi_source,possible_gas_zone_1|possible_gas_zone_2|possible_gas_zone_3|possible_gas_zone_4,"[{""name"":""possible_gas_zone_1"",""x"":5.0,""y"":4.0},{""name"":""possible_gas_zone_2"",""x"":9.0,""y"":-4.0},{""name"":""possible_gas_zone_3"",""x"":13.0,""y"":3.0},{""name"":""possible_gas_zone_4"",""x"":7.0,""y"":0.0}]",3.085,possible_gas_zone_1,5.000,4.000,3.085
168,33.60,9.891,0.000,1.500,55.314,multi_source,possible_gas_zone_1|possible_gas_zone_2|possible_gas_zone_3|possible_gas_zone_4,"[{""name"":""possible_gas_zone_1"",""x"":5.0,""y"":4.0},{""name"":""possible_gas_zone_2"",""x"":9.0,""y"":-4.0},{""name"":""possible_gas_zone_3"",""x"":13.0,""y"":3.0},{""name"":""possible_gas_zone_4"",""x"":7.0,""y"":0.0}]",2.891,possible_gas_zone_1,5.000,4.000,2.891
169,33.80,9.697,0.000,1.500,59.264,multi_source,possible_gas_zone_1|possible_gas_zone_2|possible_gas_zone_3|possible_gas_zone_4,"[{""name"":""possible_gas_zone_1"",""x"":5.0,""y"":4.0},{""name"":""possible_gas_zone_2"",""x"":9.0,""y"":-4.0},{""name"":""possible_gas_zone_3"",""x"":13.0,""y"":3.0},{""name"":""possible_gas_zone_4"",""x"":7.0,""y"":0.0}]",2.697,possible_gas_zone_1,5.000,4.000,2.697
170,34.00,9.503,0.000,1.500,64.574,multi_source,possible_gas_zone_1|possible_gas_zone_2|possible_gas_zone_3|possible_gas_zone_4,"[{""name"":""possible_gas_zone_1"",""x"":5.0,""y"":4.0},{""name"":""possible_gas_zone_2"",""x"":9.0,""y"":-4.0},{""name"":""possible_gas_zone_3"",""x"":13.0,""y"":3.0},{""name"":""possible_gas_zone_4"",""x"":7.0,""y"":0.0}]",2.503,possible_gas_zone_1,5.000,4.000,2.503
171,34.20,9.309,0.000,1.500,72.129,multi_source,possible_gas_zone_1|possible_gas_zone_2|possible_gas_zone_3|possible_gas_zone_4,"[{""name"":""possible_gas_zone_1"",""x"":5.0,""y"":4.0},{""name"":""possible_gas_zone_2"",""x"":9.0,""y"":-4.0},{""name"":""possible_gas_zone_3"",""x"":13.0,""y"":3.0},{""name"":""possible_gas_zone_4"",""x"":7.0,""y"":0.0}]",2.309,possible_gas_zone_1,5.000,4.000,2.309
172,34.40,9.115,0.000,1.500,79.079,multi_source,possible_gas_zone_1|possible_gas_zone_2|possible_gas_zone_3|possible_gas_zone_4,"[{""name"":""possible_gas_zone_1"",""x"":5.0,""y"":4.0},{""name"":""possible_gas_zone_2"",""x"":9.0,""y"":-4.0},{""name"":""possible_gas_zone_3"",""x"":13.0,""y"":3.0},{""name"":""possible_gas_zone_4"",""x"":7.0,""y"":0.0}]",2.115,possible_gas_zone_1,5.000,4.000,2.115
173,34.60,8.921,0.000,1.500,83.622,multi_source,possible_gas_zone_1|possible_gas_zone_2|possible_gas_zone_3|possible_gas_zone_4,"[{""name"":""possible_gas_zone_1"",""x"":5.0,""y"":4.0},{""name"":""possible_gas_zone_2"",""x"":9.0,""y"":-4.0},{""name"":""possible_gas_zone_3"",""x"":13.0,""y"":3.0},{""name"":""possible_gas_zone_4"",""x"":7.0,""y"":0.0}]",1.921,possible_gas_zone_1,5.000,4.000,1.921
174,34.80,8.727,0.000,1.500,94.666,multi_source,possible_gas_zone_1|possible_gas_zone_2|possible_gas_zone_3|possible_gas_zone_4,"[{""name"":""possible_gas_zone_1"",""x"":5.0,""y"":4.0},{""name"":""possible_gas_zone_2"",""x"":9.0,""y"":-4.0},{""name"":""possible_gas_zone_3"",""x"":13.0,""y"":3.0},{""name"":""possible_gas_zone_4"",""x"":7.0,""y"":0.0}]",1.727,possible_gas_zone_1,5.000,4.000,1.727
175,35.00,8.533,0.000,1.500,102.803,multi_source,possible_gas_zone_1|possible_gas_zone_2|possible_gas_zone_3|possible_gas_zone_4,"[{""name"":""possible_gas_zone_1"",""x"":5.0,""y"":4.0},{""name"":""possible_gas_zone_2"",""x"":9.0,""y"":-4.0},{""name"":""possible_gas_zone_3"",""x"":13.0,""y"":3.0},{""name"":""possible_gas_zone_4"",""x"":7.0,""y"":0.0}]",1.533,possible_gas_zone_1,5.000,4.000,1.533
176,35.20,8.339,0.000,1.500,110.452,multi_source,possible_gas_zone_1|possible_gas_zone_2|possible_gas_zone_3|possible_gas_zone_4,"[{""name"":""possible_gas_zone_1"",""x"":5.0,""y"":4.0},{""name"":""possible_gas_zone_2"",""x"":9.0,""y"":-4.0},{""name"":""possible_gas_zone_3"",""x"":13.0,""y"":3.0},{""name"":""possible_gas_zone_4"",""x"":7.0,""y"":0.0}]",1.339,possible_gas_zone_1,5.000,4.000,1.339
177,35.40,8.145,0.000,1.500,116.179,multi_source,possible_gas_zone_1|possible_gas_zone_2|possible_gas_zone_3|possible_gas_zone_4,"[{""name"":""possible_gas_zone_1"",""x"":5.0,""y"":4.0},{""name"":""possible_gas_zone_2"",""x"":9.0,""y"":-4.0},{""name"":""possible_gas_zone_3"",""x"":13.0,""y"":3.0},{""name"":""possible_gas_zone_4"",""x"":7.0,""y"":0.0}]",1.145,possible_gas_zone_1,5.000,4.000,1.145
178,35.60,7.951,0.000,1.500,120.267,multi_source,possible_gas_zone_1|possible_gas_zone_2|possible_gas_zone_3|possible_gas_zone_4,"[{""name"":""possible_gas_zone_1"",""x"":5.0,""y"":4.0},{""name"":""possible_gas_zone_2"",""x"":9.0,""y"":-4.0},{""name"":""possible_gas_zone_3"",""x"":13.0,""y"":3.0},{""name"":""possible_gas_zone_4"",""x"":7.0,""y"":0.0}]",0.951,possible_gas_zone_1,5.000,4.000,0.951
179,35.80,7.757,0.000,1.500,127.402,multi_source,possible_gas_zone_1|possible_gas_zone_2|possible_gas_zone_3|possible_gas_zone_4,"[{""name"":""possible_gas_zone_1"",""x"":5.0,""y"":4.0},{""name"":""possible_gas_zone_2"",""x"":9.0,""y"":-4.0},{""name"":""possible_gas_zone_3"",""x"":13.0,""y"":3.0},{""name"":""possible_gas_zone_4"",""x"":7.0,""y"":0.0}]",0.757,possible_gas_zone_1,5.000,4.000,0.757
180,36.00,7.564,0.000,1.500,129.112,multi_source,possible_gas_zone_1|possible_gas_zone_2|possible_gas_zone_3|possible_gas_zone_4,"[{""name"":""possible_gas_zone_1"",""x"":5.0,""y"":4.0},{""name"":""possible_gas_zone_2"",""x"":9.0,""y"":-4.0},{""name"":""possible_gas_zone_3"",""x"":13.0,""y"":3.0},{""name"":""possible_gas_zone_4"",""x"":7.0,""y"":0.0}]",0.564,possible_gas_zone_1,5.000,4.000,0.564
181,36.20,7.370,0.000,1.500,132.265,multi_source,possible_gas_zone_1|possible_gas_zone_2|possible_gas_zone_3|possible_gas_zone_4,"[{""name"":""possible_gas_zone_1"",""x"":5.0,""y"":4.0},{""name"":""possible_gas_zone_2"",""x"":9.0,""y"":-4.0},{""name"":""possible_gas_zone_3"",""x"":13.0,""y"":3.0},{""name"":""possible_gas_zone_4"",""x"":7.0,""y"":0.0}]",0.370,possible_gas_zone_1,5.000,4.000,0.370
182,36.40,7.176,0.000,1.500,134.699,multi_source,possible_gas_zone_1|possible_gas_zone_2|possible_gas_zone_3|possible_gas_zone_4,"[{""name"":""possible_gas_zone_1"",""x"":5.0,""y"":4.0},{""name"":""possible_gas_zone_2"",""x"":9.0,""y"":-4.0},{""name"":""possible_gas_zone_3"",""x"":13.0,""y"":3.0},{""name"":""possible_gas_zone_4"",""x"":7.0,""y"":0.0}]",0.176,possible_gas_zone_1,5.000,4.000,0.176
183,36.60,6.982,0.000,1.500,135.926,multi_source,possible_gas_zone_1|possible_gas_zone_2|possible_gas_zone_3|possible_gas_zone_4,"[{""name"":""possible_gas_zone_1"",""x"":5.0,""y"":4.0},{""name"":""possible_gas_zone_2"",""x"":9.0,""y"":-4.0},{""name"":""possible_gas_zone_3"",""x"":13.0,""y"":3.0},{""name"":""possible_gas_zone_4"",""x"":7.0,""y"":0.0}]",0.018,possible_gas_zone_1,5.000,4.000,0.018
184,36.80,6.788,0.000,1.500,133.532,multi_source,possible_gas_zone_1|possible_gas_zone_2|possible_gas_zone_3|possible_gas_zone_4,"[{""name"":""possible_gas_zone_1"",""x"":5.0,""y"":4.0},{""name"":""possible_gas_zone_2"",""x"":9.0,""y"":-4.0},{""name"":""possible_gas_zone_3"",""x"":13.0,""y"":3.0},{""name"":""possible_gas_zone_4"",""x"":7.0,""y"":0.0}]",0.212,possible_gas_zone_1,5.000,4.000,0.212
185,37.00,6.594,0.000,1.500,134.474,multi_source,possible_gas_zone_1|possible_gas_zone_2|possible_gas_zone_3|possible_gas_zone_4,"[{""name"":""possible_gas_zone_1"",""x"":5.0,""y"":4.0},{""name"":""possible_gas_zone_2"",""x"":9.0,""y"":-4.0},{""name"":""possible_gas_zone_3"",""x"":13.0,""y"":3.0},{""name"":""possible_gas_zone_4"",""x"":7.0,""y"":0.0}]",0.406,possible_gas_zone_1,5.000,4.000,0.406
186,37.20,6.400,0.000,1.500,131.149,multi_source,possible_gas_zone_1|possible_gas_zone_2|possible_gas_zone_3|possible_gas_zone_4,"[{""name"":""possible_gas_zone_1"",""x"":5.0,""y"":4.0},{""name"":""possible_gas_zone_2"",""x"":9.0,""y"":-4.0},{""name"":""possible_gas_zone_3"",""x"":13.0,""y"":3.0},{""name"":""possible_gas_zone_4"",""x"":7.0,""y"":0.0}]",0.600,possible_gas_zone_1,5.000,4.000,0.600
187,37.40,6.206,0.000,1.500,124.328,multi_source,possible_gas_zone_1|possible_gas_zone_2|possible_gas_zone_3|possible_gas_zone_4,"[{""name"":""possible_gas_zone_1"",""x"":5.0,""y"":4.0},{""name"":""possible_gas_zone_2"",""x"":9.0,""y"":-4.0},{""name"":""possible_gas_zone_3"",""x"":13.0,""y"":3.0},{""name"":""possible_gas_zone_4"",""x"":7.0,""y"":0.0}]",0.794,possible_gas_zone_1,5.000,4.000,0.794
188,37.60,6.012,0.000,1.500,120.097,multi_source,possible_gas_zone_1|possible_gas_zone_2|possible_gas_zone_3|possible_gas_zone_4,"[{""name"":""possible_gas_zone_1"",""x"":5.0,""y"":4.0},{""name"":""possible_gas_zone_2"",""x"":9.0,""y"":-4.0},{""name"":""possible_gas_zone_3"",""x"":13.0,""y"":3.0},{""name"":""possible_gas_zone_4"",""x"":7.0,""y"":0.0}]",0.988,possible_gas_zone_1,5.000,4.000,0.988
189,37.80,5.818,0.000,1.500,113.868,multi_source,possible_gas_zone_1|possible_gas_zone_2|possible_gas_zone_3|possible_gas_zone_4,"[{""name"":""possible_gas_zone_1"",""x"":5.0,""y"":4.0},{""name"":""possible_gas_zone_2"",""x"":9.0,""y"":-4.0},{""name"":""possible_gas_zone_3"",""x"":13.0,""y"":3.0},{""name"":""possible_gas_zone_4"",""x"":7.0,""y"":0.0}]",1.182,possible_gas_zone_1,5.000,4.000,1.182
190,38.00,5.624,0.000,1.500,103.308,multi_source,possible_gas_zone_1|possible_gas_zone_2|possible_gas_zone_3|possible_gas_zone_4,"[{""name"":""possible_gas_zone_1"",""x"":5.0,""y"":4.0},{""name"":""possible_gas_zone_2"",""x"":9.0,""y"":-4.0},{""name"":""possible_gas_zone_3"",""x"":13.0,""y"":3.0},{""name"":""possible_gas_zone_4"",""x"":7.0,""y"":0.0}]",1.376,possible_gas_zone_1,5.000,4.000,1.376
191,38.20,5.430,0.000,1.500,98.298,multi_source,possible_gas_zone_1|possible_gas_zone_2|possible_gas_zone_3|possible_gas_zone_4,"[{""name"":""possible_gas_zone_1"",""x"":5.0,""y"":4.0},{""name"":""possible_gas_zone_2"",""x"":9.0,""y"":-4.0},{""name"":""possible_gas_zone_3"",""x"":13.0,""y"":3.0},{""name"":""possible_gas_zone_4"",""x"":7.0,""y"":0.0}]",1.570,possible_gas_zone_1,5.000,4.000,1.570
192,38.40,5.236,0.000,1.500,93.372,multi_source,possible_gas_zone_1|possible_gas_zone_2|possible_gas_zone_3|possible_gas_zone_4,"[{""name"":""possible_gas_zone_1"",""x"":5.0,""y"":4.0},{""name"":""possible_gas_zone_2"",""x"":9.0,""y"":-4.0},{""name"":""possible_gas_zone_3"",""x"":13.0,""y"":3.0},{""name"":""possible_gas_zone_4"",""x"":7.0,""y"":0.0}]",1.764,possible_gas_zone_1,5.000,4.000,1.764
193,38.60,5.042,0.000,1.500,83.629,multi_source,possible_gas_zone_1|possible_gas_zone_2|possible_gas_zone_3|possible_gas_zone_4,"[{""name"":""possible_gas_zone_1"",""x"":5.0,""y"":4.0},{""name"":""possible_gas_zone_2"",""x"":9.0,""y"":-4.0},{""name"":""possible_gas_zone_3"",""x"":13.0,""y"":3.0},{""name"":""possible_gas_zone_4"",""x"":7.0,""y"":0.0}]",1.958,possible_gas_zone_1,5.000,4.000,1.958
194,38.80,4.848,0.000,1.500,74.476,multi_source,possible_gas_zone_1|possible_gas_zone_2|possible_gas_zone_3|possible_gas_zone_4,"[{""name"":""possible_gas_zone_1"",""x"":5.0,""y"":4.0},{""name"":""possible_gas_zone_2"",""x"":9.0,""y"":-4.0},{""name"":""possible_gas_zone_3"",""x"":13.0,""y"":3.0},{""name"":""possible_gas_zone_4"",""x"":7.0,""y"":0.0}]",2.152,possible_gas_zone_1,5.000,4.000,2.152
195,39.00,4.654,0.000,1.500,66.303,multi_source,possible_gas_zone_1|possible_gas_zone_2|possible_gas_zone_3|possible_gas_zone_4,"[{""name"":""possible_gas_zone_1"",""x"":5.0,""y"":4.0},{""name"":""possible_gas_zone_2"",""x"":9.0,""y"":-4.0},{""name"":""possible_gas_zone_3"",""x"":13.0,""y"":3.0},{""name"":""possible_gas_zone_4"",""x"":7.0,""y"":0.0}]",2.346,possible_gas_zone_1,5.000,4.000,2.346
196,39.20,4.461,0.000,1.500,58.419,multi_source,possible_gas_zone_1|possible_gas_zone_2|possible_gas_zone_3|possible_gas_zone_4,"[{""name"":""possible_gas_zone_1"",""x"":5.0,""y"":4.0},{""name"":""possible_gas_zone_2"",""x"":9.0,""y"":-4.0},{""name"":""possible_gas_zone_3"",""x"":13.0,""y"":3.0},{""name"":""possible_gas_zone_4"",""x"":7.0,""y"":0.0}]",2.539,possible_gas_zone_1,5.000,4.000,2.539
197,39.40,4.267,0.000,1.500,50.739,multi_source,possible_gas_zone_1|possible_gas_zone_2|possible_gas_zone_3|possible_gas_zone_4,"[{""name"":""possible_gas_zone_1"",""x"":5.0,""y"":4.0},{""name"":""possible_gas_zone_2"",""x"":9.0,""y"":-4.0},{""name"":""possible_gas_zone_3"",""x"":13.0,""y"":3.0},{""name"":""possible_gas_zone_4"",""x"":7.0,""y"":0.0}]",2.733,possible_gas_zone_1,5.000,4.000,2.733
198,39.60,4.073,0.000,1.500,46.149,multi_source,possible_gas_zone_1|possible_gas_zone_2|possible_gas_zone_3|possible_gas_zone_4,"[{""name"":""possible_gas_zone_1"",""x"":5.0,""y"":4.0},{""name"":""possible_gas_zone_2"",""x"":9.0,""y"":-4.0},{""name"":""possible_gas_zone_3"",""x"":13.0,""y"":3.0},{""name"":""possible_gas_zone_4"",""x"":7.0,""y"":0.0}]",2.927,possible_gas_zone_1,5.000,4.000,2.927
199,39.80,3.879,0.000,1.500,40.343,multi_source,possible_gas_zone_1|possible_gas_zone_2|possible_gas_zone_3|possible_gas_zone_4,"[{""name"":""possible_gas_zone_1"",""x"":5.0,""y"":4.0},{""name"":""possible_gas_zone_2"",""x"":9.0,""y"":-4.0},{""name"":""possible_gas_zone_3"",""x"":13.0,""y"":3.0},{""name"":""possible_gas_zone_4"",""x"":7.0,""y"":0.0}]",3.121,possible_gas_zone_1,5.000,4.000,3.121
200,40.00,3.685,0.000,1.500,34.189,multi_source,possible_gas_zone_1|possible_gas_zone_2|possible_gas_zone_3|possible_gas_zone_4,"[{""name"":""possible_gas_zone_1"",""x"":5.0,""y"":4.0},{""name"":""possible_gas_zone_2"",""x"":9.0,""y"":-4.0},{""name"":""possible_gas_zone_3"",""x"":13.0,""y"":3.0},{""name"":""possible_gas_zone_4"",""x"":7.0,""y"":0.0}]",3.315,possible_gas_zone_1,5.000,4.000,3.315
201,40.20,3.491,0.000,1.500,29.393,multi_source,possible_gas_zone_1|possible_gas_zone_2|possible_gas_zone_3|possible_gas_zone_4,"[{""name"":""possible_gas_zone_1"",""x"":5.0,""y"":4.0},{""name"":""possible_gas_zone_2"",""x"":9.0,""y"":-4.0},{""name"":""possible_gas_zone_3"",""x"":13.0,""y"":3.0},{""name"":""possible_gas_zone_4"",""x"":7.0,""y"":0.0}]",3.509,possible_gas_zone_1,5.000,4.000,3.509
202,40.40,3.297,0.000,1.500,26.790,multi_source,possible_gas_zone_1|possible_gas_zone_2|possible_gas_zone_3|possible_gas_zone_4,"[{""name"":""possible_gas_zone_1"",""x"":5.0,""y"":4.0},{""name"":""possible_gas_zone_2"",""x"":9.0,""y"":-4.0},{""name"":""possible_gas_zone_3"",""x"":13.0,""y"":3.0},{""name"":""possible_gas_zone_4"",""x"":7.0,""y"":0.0}]",3.703,possible_gas_zone_1,5.000,4.000,3.703
203,40.60,3.103,0.000,1.500,21.158,multi_source,possible_gas_zone_1|possible_gas_zone_2|possible_gas_zone_3|possible_gas_zone_4,"[{""name"":""possible_gas_zone_1"",""x"":5.0,""y"":4.0},{""name"":""possible_gas_zone_2"",""x"":9.0,""y"":-4.0},{""name"":""possible_gas_zone_3"",""x"":13.0,""y"":3.0},{""name"":""possible_gas_zone_4"",""x"":7.0,""y"":0.0}]",3.897,possible_gas_zone_1,5.000,4.000,3.897
204,40.80,2.909,0.000,1.500,19.406,multi_source,possible_gas_zone_1|possible_gas_zone_2|possible_gas_zone_3|possible_gas_zone_4,"[{""name"":""possible_gas_zone_1"",""x"":5.0,""y"":4.0},{""name"":""possible_gas_zone_2"",""x"":9.0,""y"":-4.0},{""name"":""possible_gas_zone_3"",""x"":13.0,""y"":3.0},{""name"":""possible_gas_zone_4"",""x"":7.0,""y"":0.0}]",4.091,possible_gas_zone_1,5.000,4.000,4.091
205,41.00,2.715,0.000,1.500,18.614,multi_source,possible_gas_zone_1|possible_gas_zone_2|possible_gas_zone_3|possible_gas_zone_4,"[{""name"":""possible_gas_zone_1"",""x"":5.0,""y"":4.0},{""name"":""possible_gas_zone_2"",""x"":9.0,""y"":-4.0},{""name"":""possible_gas_zone_3"",""x"":13.0,""y"":3.0},{""name"":""possible_gas_zone_4"",""x"":7.0,""y"":0.0}]",4.285,possible_gas_zone_1,5.000,4.000,4.285
206,41.20,2.521,0.000,1.500,14.983,multi_source,possible_gas_zone_1|possible_gas_zone_2|possible_gas_zone_3|possible_gas_zone_4,"[{""name"":""possible_gas_zone_1"",""x"":5.0,""y"":4.0},{""name"":""possible_gas_zone_2"",""x"":9.0,""y"":-4.0},{""name"":""possible_gas_zone_3"",""x"":13.0,""y"":3.0},{""name"":""possible_gas_zone_4"",""x"":7.0,""y"":0.0}]",4.479,possible_gas_zone_1,5.000,4.000,4.479
207,41.40,2.327,0.000,1.500,13.352,multi_source,possible_gas_zone_1|possible_gas_zone_2|possible_gas_zone_3|possible_gas_zone_4,"[{""name"":""possible_gas_zone_1"",""x"":5.0,""y"":4.0},{""name"":""possible_gas_zone_2"",""x"":9.0,""y"":-4.0},{""name"":""possible_gas_zone_3"",""x"":13.0,""y"":3.0},{""name"":""possible_gas_zone_4"",""x"":7.0,""y"":0.0}]",4.673,possible_gas_zone_1,5.000,4.000,4.673
208,41.60,2.133,0.000,1.500,9.097,multi_source,possible_gas_zone_1|possible_gas_zone_2|possible_gas_zone_3|possible_gas_zone_4,"[{""name"":""possible_gas_zone_1"",""x"":5.0,""y"":4.0},{""name"":""possible_gas_zone_2"",""x"":9.0,""y"":-4.0},{""name"":""possible_gas_zone_3"",""x"":13.0,""y"":3.0},{""name"":""possible_gas_zone_4"",""x"":7.0,""y"":0.0}]",4.867,possible_gas_zone_1,5.000,4.000,4.867
209,41.80,1.939,0.000,1.500,10.427,multi_source,possible_gas_zone_1|possible_gas_zone_2|possible_gas_zone_3|possible_gas_zone_4,"[{""name"":""possible_gas_zone_1"",""x"":5.0,""y"":4.0},{""name"":""possible_gas_zone_2"",""x"":9.0,""y"":-4.0},{""name"":""possible_gas_zone_3"",""x"":13.0,""y"":3.0},{""name"":""possible_gas_zone_4"",""x"":7.0,""y"":0.0}]",5.037,possible_gas_zone_1,5.000,4.000,5.037
210,42.00,1.745,0.000,1.500,7.951,multi_source,possible_gas_zone_1|possible_gas_zone_2|possible_gas_zone_3|possible_gas_zone_4,"[{""name"":""possible_gas_zone_1"",""x"":5.0,""y"":4.0},{""name"":""possible_gas_zone_2"",""x"":9.0,""y"":-4.0},{""name"":""possible_gas_zone_3"",""x"":13.0,""y"":3.0},{""name"":""possible_gas_zone_4"",""x"":7.0,""y"":0.0}]",5.157,possible_gas_zone_1,5.000,4.000,5.157
211,42.20,1.551,0.000,1.500,7.274,multi_source,possible_gas_zone_1|possible_gas_zone_2|possible_gas_zone_3|possible_gas_zone_4,"[{""name"":""possible_gas_zone_1"",""x"":5.0,""y"":4.0},{""name"":""possible_gas_zone_2"",""x"":9.0,""y"":-4.0},{""name"":""possible_gas_zone_3"",""x"":13.0,""y"":3.0},{""name"":""possible_gas_zone_4"",""x"":7.0,""y"":0.0}]",5.281,possible_gas_zone_1,5.000,4.000,5.281
212,42.40,1.358,0.000,1.500,7.658,multi_source,possible_gas_zone_1|possible_gas_zone_2|possible_gas_zone_3|possible_gas_zone_4,"[{""name"":""possible_gas_zone_1"",""x"":5.0,""y"":4.0},{""name"":""possible_gas_zone_2"",""x"":9.0,""y"":-4.0},{""name"":""possible_gas_zone_3"",""x"":13.0,""y"":3.0},{""name"":""possible_gas_zone_4"",""x"":7.0,""y"":0.0}]",5.410,possible_gas_zone_1,5.000,4.000,5.410
213,42.60,1.164,0.000,1.500,5.138,multi_source,possible_gas_zone_1|possible_gas_zone_2|possible_gas_zone_3|possible_gas_zone_4,"[{""name"":""possible_gas_zone_1"",""x"":5.0,""y"":4.0},{""name"":""possible_gas_zone_2"",""x"":9.0,""y"":-4.0},{""name"":""possible_gas_zone_3"",""x"":13.0,""y"":3.0},{""name"":""possible_gas_zone_4"",""x"":7.0,""y"":0.0}]",5.542,possible_gas_zone_1,5.000,4.000,5.542
214,42.80,0.970,0.000,1.500,7.024,multi_source,possible_gas_zone_1|possible_gas_zone_2|possible_gas_zone_3|possible_gas_zone_4,"[{""name"":""possible_gas_zone_1"",""x"":5.0,""y"":4.0},{""name"":""possible_gas_zone_2"",""x"":9.0,""y"":-4.0},{""name"":""possible_gas_zone_3"",""x"":13.0,""y"":3.0},{""name"":""possible_gas_zone_4"",""x"":7.0,""y"":0.0}]",5.678,possible_gas_zone_1,5.000,4.000,5.678
215,43.00,0.776,0.000,1.500,5.474,multi_source,possible_gas_zone_1|possible_gas_zone_2|possible_gas_zone_3|possible_gas_zone_4,"[{""name"":""possible_gas_zone_1"",""x"":5.0,""y"":4.0},{""name"":""possible_gas_zone_2"",""x"":9.0,""y"":-4.0},{""name"":""possible_gas_zone_3"",""x"":13.0,""y"":3.0},{""name"":""possible_gas_zone_4"",""x"":7.0,""y"":0.0}]",5.818,possible_gas_zone_1,5.000,4.000,5.818
216,43.20,0.582,0.000,1.500,4.067,multi_source,possible_gas_zone_1|possible_gas_zone_2|possible_gas_zone_3|possible_gas_zone_4,"[{""name"":""possible_gas_zone_1"",""x"":5.0,""y"":4.0},{""name"":""possible_gas_zone_2"",""x"":9.0,""y"":-4.0},{""name"":""possible_gas_zone_3"",""x"":13.0,""y"":3.0},{""name"":""possible_gas_zone_4"",""x"":7.0,""y"":0.0}]",5.960,possible_gas_zone_1,5.000,4.000,5.960
217,43.40,0.388,0.000,1.500,7.341,multi_source,possible_gas_zone_1|possible_gas_zone_2|possible_gas_zone_3|possible_gas_zone_4,"[{""name"":""possible_gas_zone_1"",""x"":5.0,""y"":4.0},{""name"":""possible_gas_zone_2"",""x"":9.0,""y"":-4.0},{""name"":""possible_gas_zone_3"",""x"":13.0,""y"":3.0},{""name"":""possible_gas_zone_4"",""x"":7.0,""y"":0.0}]",6.105,possible_gas_zone_1,5.000,4.000,6.105
218,43.60,0.194,0.000,1.500,5.255,multi_source,possible_gas_zone_1|possible_gas_zone_2|possible_gas_zone_3|possible_gas_zone_4,"[{""name"":""possible_gas_zone_1"",""x"":5.0,""y"":4.0},{""name"":""possible_gas_zone_2"",""x"":9.0,""y"":-4.0},{""name"":""possible_gas_zone_3"",""x"":13.0,""y"":3.0},{""name"":""possible_gas_zone_4"",""x"":7.0,""y"":0.0}]",6.253,possible_gas_zone_1,5.000,4.000,6.253
219,43.80,0.000,0.000,1.500,5.134,multi_source,possible_gas_zone_1|possible_gas_zone_2|possible_gas_zone_3|possible_gas_zone_4,"[{""name"":""possible_gas_zone_1"",""x"":5.0,""y"":4.0},{""name"":""possible_gas_zone_2"",""x"":9.0,""y"":-4.0},{""name"":""possible_gas_zone_3"",""x"":13.0,""y"":3.0},{""name"":""possible_gas_zone_4"",""x"":7.0,""y"":0.0}]",6.403,possible_gas_zone_1,5.000,4.000,6.403
